player_id,player_lastname,player_firstname,season,pos,age,tm,g,gs,mp,fg,fga,fg_perc,3p,3pa,3p_perc,2p,2pa,2p_perc,efg_perc,ft,fta,ft_perc,orb,drb,trb,ast,stl,blk,tov,pf,pts
acyqu01,Acy,Quincy,2014,SF,23,TOT,63,0,13.4,1,2.2,0.468,0.1,0.2,0.267,1,2,0.492,0.482,0.6,0.8,0.66,1.1,2.3,3.4,0.4,0.4,0.4,0.5,1.9,2.7
acyqu01,Acy,Quincy,2014,SF,23,TOR,7,0,8.7,0.9,2,0.429,0.3,0.7,0.4,0.6,1.3,0.444,0.5,0.7,1.1,0.625,0.7,1.4,2.1,0.6,0.6,0.4,0.3,1.1,2.7
acyqu01,Acy,Quincy,2014,SF,23,SAC,56,0,14,1.1,2.3,0.472,0,0.2,0.2,1,2.1,0.496,0.48,0.5,0.8,0.667,1.2,2.4,3.6,0.4,0.3,0.4,0.5,2,2.7
adamsst01,Adams,Steven,2014,C,20,OKC,81,20,14.8,1.1,2.3,0.503,0,0,,1.1,2.3,0.503,0.503,1,1.7,0.581,1.8,2.3,4.1,0.5,0.5,0.7,0.9,2.5,3.3
adrieje01,Adrien,Jeff,2014,PF,27,TOT,53,12,18.1,2.7,5.2,0.52,0,0,,2.7,5.2,0.52,0.52,1.4,2.2,0.639,1.9,3.8,5.8,0.7,0.5,0.7,0.7,2,6.8
adrieje01,Adrien,Jeff,2014,PF,27,CHA,25,0,10.2,0.9,1.6,0.55,0,0,,0.9,1.6,0.55,0.55,0.5,1,0.52,1.3,2.2,3.5,0.3,0.3,0.6,0.3,1.4,2.3
adrieje01,Adrien,Jeff,2014,PF,27,MIL,28,12,25.2,4.3,8.4,0.515,0,0,,4.3,8.4,0.515,0.515,2.3,3.4,0.67,2.5,5.3,7.8,1.1,0.6,0.8,1.1,2.6,10.9
afflaar01,Afflalo,Arron,2014,SG,28,ORL,73,73,35,6.4,13.8,0.459,1.8,4.1,0.427,4.6,9.7,0.473,0.522,3.8,4.6,0.815,0.4,3.2,3.6,3.4,0.5,0,2,1.9,18.2
ajincal01,Ajinça,Alexis,2014,C,25,NOP,56,30,17,2.4,4.4,0.546,0,0,0,2.4,4.4,0.548,0.546,1,1.2,0.836,1.7,3.3,4.9,0.7,0.4,0.8,1.1,3.3,5.9
aldrico01,Aldrich,Cole,2014,C,25,NYK,46,2,7.2,0.7,1.3,0.541,0,0,,0.7,1.3,0.541,0.541,0.6,0.7,0.867,0.8,2,2.8,0.3,0.2,0.7,0.4,0.9,2
aldrila01,Aldridge,LaMarcus,2014,PF,28,POR,69,69,36.2,9.4,20.6,0.458,0,0.2,0.2,9.4,20.4,0.461,0.459,4.3,5.2,0.822,2.4,8.7,11.1,2.6,0.9,1,1.8,2.1,23.2
allenla01,Allen,Lavoy,2014,PF,24,TOT,65,2,16.5,2.1,4.6,0.447,0,0.2,0.154,2,4.4,0.46,0.45,0.5,0.8,0.66,1.8,3,4.8,1.1,0.4,0.5,0.7,1.9,4.7
allenla01,Allen,Lavoy,2014,PF,24,PHI,51,2,18.8,2.3,5.2,0.44,0,0.3,0.154,2.3,5,0.455,0.444,0.5,0.8,0.675,2.1,3.4,5.4,1.3,0.4,0.5,0.8,2.3,5.2
allenla01,Allen,Lavoy,2014,PF,24,IND,14,0,8,1.2,2.4,0.5,0,0,,1.2,2.4,0.5,0.5,0.4,0.7,0.6,0.9,1.5,2.4,0.4,0.1,0.4,0.3,0.8,2.9
allenra02,Allen*,Ray,2014,SG,38,MIA,73,9,26.5,3.3,7.4,0.442,1.6,4.2,0.375,1.7,3.2,0.53,0.549,1.4,1.6,0.905,0.3,2.5,2.8,2,0.7,0.1,1.2,1.6,9.6
allento01,Allen,Tony,2014,SG,32,MEM,55,28,23.2,3.7,7.5,0.494,0.2,0.9,0.234,3.5,6.7,0.527,0.507,1.4,2.2,0.628,1.4,2.3,3.8,1.7,1.6,0.3,1.6,2.2,9
aminual01,Aminu,Al-Farouq,2014,SF,23,NOP,80,65,25.6,2.9,6.2,0.474,0.2,0.6,0.271,2.8,5.6,0.496,0.487,1.1,1.7,0.664,1.6,4.6,6.2,1.4,1,0.5,1.1,1.8,7.2
amundlo01,Amundson,Lou,2014,PF,31,TOT,19,0,9.7,0.8,1.7,0.5,0,0,,0.8,1.7,0.5,0.5,0.3,1.3,0.25,1.5,1.4,2.9,0.3,0.5,0.6,0.7,2.6,2
amundlo01,Amundson,Lou,2014,PF,31,NOP,18,0,10.2,0.9,1.8,0.5,0,0,,0.9,1.8,0.5,0.5,0.3,1.3,0.25,1.6,1.5,3.1,0.3,0.5,0.6,0.8,2.7,2.1
amundlo01,Amundson,Lou,2014,PF,31,CHI,1,0,1,0,0,,0,0,,0,0,,,0,0,,0,0,0,0,0,0,0,0,0
anderch01,Andersen,Chris,2014,C,35,MIA,72,0,19.4,2.5,3.8,0.644,0,0.2,0.25,2.4,3.7,0.662,0.649,1.7,2.3,0.71,1.8,3.5,5.3,0.3,0.4,1.3,0.7,2.3,6.6
anderal01,Anderson,Alan,2014,SF,31,BRK,78,26,22.7,2.5,6.2,0.4,1.1,3.2,0.339,1.4,3,0.464,0.487,1.2,1.5,0.78,0.5,1.7,2.2,1,0.6,0.1,0.8,1.9,7.2
anderja01,Anderson,James,2014,SG,24,PHI,80,62,28.9,3.9,9,0.431,1.4,4.4,0.328,2.4,4.6,0.53,0.511,1,1.3,0.726,0.7,3,3.8,1.9,0.9,0.4,1.3,1.9,10.1
anderry01,Anderson,Ryan,2014,PF,25,NOP,22,14,36.1,7,16.1,0.438,3,7.5,0.409,4,8.6,0.463,0.532,2.7,2.8,0.952,3,3.5,6.5,0.8,0.5,0.3,0.9,2.1,19.8
antetgi01,Antetokounmpo,Giannis,2014,SF,19,MIL,77,23,24.6,2.2,5.4,0.414,0.5,1.5,0.347,1.7,3.9,0.44,0.463,1.8,2.6,0.683,1,3.4,4.4,1.9,0.8,0.8,1.6,2.2,6.8
anthoca01,Anthony,Carmelo,2014,PF,29,NYK,77,77,38.7,9.6,21.3,0.452,2.2,5.4,0.402,7.5,15.9,0.469,0.503,6,7,0.848,1.9,6.2,8.1,3.1,1.2,0.7,2.6,2.9,27.4
anthojo01,Anthony,Joel,2014,C,31,TOT,33,0,5.6,0.4,1,0.375,0,0,,0.4,1,0.375,0.375,0.1,0.2,0.5,0.5,0.7,1.2,0.1,0.1,0.4,0.1,0.5,0.8
anthojo01,Anthony,Joel,2014,C,31,MIA,12,0,3.1,0.2,0.5,0.333,0,0,,0.2,0.5,0.333,0.333,0.2,0.2,1,0.2,0.4,0.6,0,0,0.3,0.1,0.3,0.5
anthojo01,Anthony,Joel,2014,C,31,BOS,21,0,7.1,0.5,1.2,0.385,0,0,,0.5,1.2,0.385,0.385,0.1,0.3,0.333,0.6,0.9,1.5,0.1,0.1,0.4,0.1,0.6,1
anticpe01,Antić,Pero,2014,C,31,ATL,50,26,18.5,2.5,5.9,0.418,1.1,3.4,0.327,1.3,2.5,0.545,0.514,1,1.3,0.758,1.1,3,4.2,1.2,0.4,0.2,1.1,2.5,7
arizatr01,Ariza,Trevor,2014,SF,28,WAS,77,77,35.4,5.1,11.1,0.456,2.3,5.7,0.407,2.7,5.3,0.509,0.562,1.9,2.5,0.772,1.3,4.9,6.2,2.5,1.6,0.3,1.7,2.3,14.4
armsthi01,Armstrong,Hilton,2014,C,29,GSW,15,1,6.5,0.6,1.3,0.474,0,0,,0.6,1.3,0.474,0.474,0.5,1.1,0.438,1.3,1.9,3.1,0.3,0.3,0.3,0.4,0.7,1.7
arthuda01,Arthur,Darrell,2014,SF,25,DEN,68,1,17.1,2.4,6,0.395,0.4,0.9,0.375,2,5.1,0.399,0.424,0.8,0.9,0.855,0.8,2.3,3.1,0.9,0.6,0.7,0.9,2.7,5.9
asikom01,Aşık,Ömer,2014,C,27,HOU,48,19,20.2,2.1,4,0.532,0,0,,2.1,4,0.532,0.532,1.6,2.6,0.619,2.1,5.8,7.9,0.5,0.3,0.8,1.2,1.9,5.8
augusdj01,Augustin,D.J.,2014,PG,26,TOT,71,9,27.3,4.2,10.1,0.415,1.9,4.7,0.401,2.3,5.4,0.427,0.508,2.8,3.2,0.885,0.2,1.6,1.8,4.4,0.7,0,1.8,2.1,13.1
augusdj01,Augustin,D.J.,2014,PG,26,TOR,10,0,8.2,0.7,2.4,0.292,0.1,1.1,0.091,0.6,1.3,0.462,0.313,0.6,0.6,1,0,0.4,0.4,1,0.1,0,0.9,0.7,2.1
augusdj01,Augustin,D.J.,2014,PG,26,CHI,61,9,30.4,4.8,11.4,0.419,2.2,5.3,0.411,2.6,6.1,0.426,0.514,3.2,3.6,0.882,0.2,1.8,2.1,5,0.9,0,1.9,2.3,14.9
ayongu01,Ayón,Gustavo,2014,C,28,ATL,26,14,16.5,2,3.9,0.51,0,0,,2,3.9,0.51,0.51,0.3,0.8,0.4,1.6,3.2,4.8,1.1,1,0.4,1.1,1.8,4.3
pendeje02,Ayres,Jeff,2014,PF,26,SAS,73,10,13,1.4,2.4,0.58,0,0,,1.4,2.4,0.58,0.58,0.5,0.8,0.691,1.2,2.3,3.5,0.8,0.2,0.3,0.9,2,3.3
babbch01,Babb,Chris,2014,SG,23,BOS,14,0,9.4,0.6,2.1,0.267,0.4,1.9,0.222,0.1,0.2,0.667,0.367,0,0,,0.3,0.9,1.2,0.2,0.4,0,0.2,0.9,1.6
babbilu01,Babbitt,Luke,2014,PF,24,NOP,27,2,17.5,2.2,5.7,0.39,1.3,3.5,0.379,0.9,2.2,0.407,0.506,0.5,0.7,0.778,0.7,2.6,3.3,1.1,0.3,0.4,0.6,1.9,6.3
barbole01,Barbosa,Leandro,2014,PG,31,PHO,20,0,18.4,2.8,6.6,0.427,0.4,1.3,0.28,2.5,5.3,0.462,0.454,1.6,2,0.795,0.3,1.6,1.9,1.6,0.4,0.2,1,1.5,7.5
bareajo01,Barea,J.J.,2014,PG,29,MIN,79,1,18.6,3.2,8.3,0.387,0.9,2.9,0.316,2.3,5.4,0.426,0.443,1,1.3,0.79,0.2,1.7,1.9,3.8,0.3,0,1.6,1.6,8.4
bargnan01,Bargnani,Andrea,2014,C,28,NYK,42,39,29.9,5.3,12,0.442,0.7,2.6,0.278,4.6,9.4,0.487,0.472,2,2.4,0.824,1.6,3.6,5.3,1.1,0.3,1.2,1.4,2.4,13.3
barneha02,Barnes,Harrison,2014,SF,21,GSW,78,24,28.3,3.5,8.7,0.399,0.8,2.4,0.347,2.6,6.3,0.419,0.448,1.7,2.3,0.718,0.8,3.1,4,1.5,0.8,0.3,1.1,2,9.5
barnema02,Barnes,Matt,2014,SF,33,LAC,63,40,27.5,3.7,8.4,0.438,1.5,4.5,0.343,2.1,3.9,0.549,0.53,1,1.4,0.733,1,3.7,4.6,2,0.9,0.4,1.3,2.9,9.9
bartowi01,Barton,Will,2014,SG,23,POR,41,0,9.4,1.6,3.8,0.417,0.2,0.8,0.303,1.3,3,0.447,0.449,0.6,0.8,0.813,0.4,1.4,1.8,0.8,0.2,0.2,0.4,0.8,4
bassbr01,Bass,Brandon,2014,PF,28,BOS,82,73,27.6,4.3,8.8,0.486,0,0.1,0.333,4.3,8.8,0.487,0.487,2.5,2.9,0.858,2,3.8,5.7,1.1,0.4,0.9,1.2,2.3,11.1
battish01,Battier,Shane,2014,SF,35,MIA,73,56,20.1,1.4,3.8,0.382,1,2.9,0.348,0.4,0.9,0.492,0.515,0.2,0.3,0.652,0.5,1.4,1.9,0.9,0.7,0.5,0.3,1.7,4.1
batumni01,Batum,Nicolas,2014,SF,25,POR,82,82,36,4.6,10,0.465,1.8,4.9,0.361,2.9,5.1,0.566,0.554,2,2.5,0.803,1.4,6,7.5,5.1,0.9,0.7,2.5,1.9,13
bayleje01,Bayless,Jerryd,2014,PG,25,TOT,72,19,23.4,3.4,8.6,0.402,1.1,2.9,0.358,2.4,5.6,0.425,0.464,1.3,1.6,0.797,0.3,1.7,2,2.7,0.8,0.1,1.1,2.2,9.3
bayleje01,Bayless,Jerryd,2014,PG,25,MEM,31,5,21,2.9,7.7,0.377,0.8,2.7,0.301,2.1,5,0.417,0.429,1.5,1.8,0.789,0.3,1.6,1.9,2.1,0.6,0.2,0.7,2.3,8.1
bayleje01,Bayless,Jerryd,2014,PG,25,BOS,41,14,25.3,3.9,9.2,0.418,1.2,3.1,0.395,2.6,6.1,0.43,0.485,1.2,1.5,0.803,0.3,1.8,2.1,3.1,1,0.1,1.5,2.2,10.1
baynear01,Baynes,Aron,2014,C,27,SAS,53,4,9.3,1.3,3.1,0.436,0,0,,1.3,3.1,0.436,0.436,0.4,0.4,0.905,1.1,1.7,2.7,0.6,0,0.1,0.7,1.5,3
bazemke01,Bazemore,Kent,2014,SG,24,TOT,67,15,13.6,2.2,5.1,0.429,0.6,1.9,0.336,1.6,3.2,0.484,0.491,1,1.6,0.606,0.1,1.6,1.7,1.4,0.6,0.2,1.2,1.5,6
bazemke01,Bazemore,Kent,2014,SG,24,GSW,44,0,6.1,0.8,2.2,0.371,0.2,0.9,0.256,0.6,1.3,0.448,0.423,0.4,0.8,0.528,0.1,0.8,0.9,0.5,0.3,0.1,0.6,1,2.3
bazemke01,Bazemore,Kent,2014,SG,24,LAL,23,15,28,4.8,10.7,0.451,1.4,3.9,0.371,3.4,6.8,0.497,0.518,2,3.2,0.644,0.2,3.1,3.3,3.1,1.3,0.3,2.2,2.6,13.1
bealbr01,Beal,Bradley,2014,SG,20,WAS,73,73,34.7,6.6,15.7,0.419,1.9,4.7,0.402,4.7,11,0.426,0.479,2,2.6,0.788,0.7,3,3.7,3.3,1,0.2,1.8,2.1,17.1
beaslmi01,Beasley,Michael,2014,SF,25,MIA,55,2,15.1,3.2,6.5,0.499,0.4,1,0.389,2.8,5.5,0.518,0.528,1.1,1.4,0.772,0.6,2.6,3.1,0.8,0.4,0.4,1,1.7,7.9
belinma01,Belinelli,Marco,2014,SF,27,SAS,80,25,25.2,4.2,8.7,0.485,1.6,3.7,0.43,2.6,5,0.525,0.576,1.4,1.6,0.847,0.2,2.6,2.8,2.2,0.6,0.1,1.2,1.6,11.4
bennean01,Bennett,Anthony,2014,PF,20,CLE,52,0,12.8,1.5,4.3,0.356,0.3,1,0.245,1.3,3.3,0.39,0.384,0.8,1.3,0.638,0.9,2,3,0.3,0.4,0.2,0.9,1.8,4.2
beverpa01,Beverley,Patrick,2014,PG,25,HOU,56,55,31.3,3.6,8.6,0.414,1.6,4.6,0.361,1.9,4,0.473,0.509,1.5,1.8,0.814,1.3,2.2,3.5,2.7,1.4,0.4,1.2,3.1,10.2
biedran01,Biedriņš,Andris,2014,C,27,UTA,6,0,7.5,0.2,0.2,1,0,0,,0.2,0.2,1,1,0.2,1,0.167,0.3,2.5,2.8,0,0,0,0.3,1,0.5
billuch01,Billups,Chauncey,2014,SG,37,DET,19,7,16.3,1.3,4.2,0.304,0.7,2.5,0.292,0.5,1.6,0.323,0.392,0.5,0.6,0.833,0.2,1.3,1.5,2.2,0.4,0.1,1.3,1.3,3.8
biyombi01,Biyombo,Bismack,2014,C,21,CHA,77,9,13.9,1.1,1.9,0.611,0,0,,1.1,1.9,0.611,0.611,0.6,1.2,0.517,1.4,3.4,4.8,0.1,0.1,1.1,0.5,1.6,2.9
blairde01,Blair,DeJuan,2014,PF,24,DAL,78,13,15.6,2.7,5,0.534,0,0,0,2.7,5,0.537,0.534,1,1.6,0.636,1.8,2.9,4.7,0.9,0.8,0.3,1,2.5,6.4
blakest01,Blake,Steve,2014,PG,33,TOT,55,28,27.2,2.4,6.4,0.377,1.4,3.8,0.376,1,2.6,0.378,0.489,0.6,0.8,0.767,0.2,2.7,2.9,5.6,1,0.1,1.9,1.5,6.9
blakest01,Blake,Steve,2014,PG,33,LAL,27,27,33,3.3,8.6,0.378,1.9,4.9,0.397,1.3,3.8,0.353,0.489,1,1.3,0.8,0.3,3.5,3.8,7.6,1.3,0.1,2.6,1.8,9.5
blakest01,Blake,Steve,2014,PG,33,GSW,28,1,21.7,1.6,4.3,0.375,1,2.8,0.342,0.6,1.5,0.439,0.488,0.2,0.3,0.625,0.2,1.8,2,3.6,0.7,0.2,1.1,1.3,4.4
blatcan01,Blatche,Andray,2014,PF,27,BRK,73,7,22.2,4.4,9.2,0.476,0.2,0.7,0.278,4.2,8.5,0.494,0.487,2.2,3,0.742,1.6,3.7,5.3,1.5,1,0.5,1.5,2.3,11.2
bledser01,Bledsoe,Eric,2014,PG,24,PHO,43,40,32.9,6.2,12.9,0.477,1.2,3.3,0.357,5,9.7,0.517,0.522,4.3,5.5,0.772,0.6,4.1,4.7,5.5,1.6,0.3,3.3,2.3,17.7
blueva01,Blue,Vander,2014,SG,21,BOS,3,0,5,0.7,1.3,0.5,0,0.3,0,0.7,1,0.667,0.5,0.3,1.7,0.2,0,1,1,0.3,0,0,0.7,0.3,1.7
boganke01,Bogans,Keith,2014,SG,33,BOS,6,0,9.2,0.5,1,0.5,0.5,1,0.5,0,0,,0.75,0.5,0.5,1,0,0.5,0.5,0.5,0.2,0,0.2,0.3,2
bogutan01,Bogut,Andrew,2014,C,29,GSW,67,67,26.4,3.5,5.6,0.627,0,0,,3.5,5.6,0.627,0.627,0.3,1,0.344,2.7,7.3,10,1.7,0.7,1.8,1.4,3.1,7.3
bonnema01,Bonner,Matt,2014,PF,33,SAS,61,0,11.3,1.2,2.7,0.445,0.7,1.6,0.429,0.5,1.1,0.47,0.573,0.1,0.2,0.75,0.3,1.9,2.1,0.5,0.2,0.2,0.3,0.8,3.2
booketr01,Booker,Trevor,2014,PF,26,WAS,72,45,21.6,3.1,5.6,0.551,0,0,0,3.1,5.6,0.554,0.551,0.7,1.1,0.618,2.1,3.2,5.3,0.9,0.6,0.6,0.8,1.8,6.8
boozeca01,Boozer,Carlos,2014,PF,32,CHI,76,76,28.2,5.9,12.9,0.456,0,0,0,5.9,12.9,0.457,0.456,1.9,2.5,0.767,1.8,6.5,8.3,1.6,0.7,0.3,2,2.8,13.7
boshch01,Bosh,Chris,2014,C,29,MIA,79,79,32,6.2,12.1,0.516,0.9,2.8,0.339,5.3,9.3,0.569,0.555,2.8,3.4,0.82,1.2,5.4,6.6,1.1,1,1,1.6,2.4,16.2
bradlav01,Bradley,Avery,2014,SG,23,BOS,60,58,30.9,6,13.8,0.438,1.3,3.3,0.395,4.7,10.4,0.451,0.485,1.5,1.9,0.804,0.8,3,3.8,1.4,1.1,0.2,1.6,2.4,14.9
brandel01,Brand,Elton,2014,C,34,ATL,73,15,19.4,2.5,4.5,0.539,0,0,0,2.5,4.5,0.542,0.539,0.8,1.3,0.649,1.3,3.6,4.9,1,0.5,1.2,0.8,2.6,5.7
breweco01,Brewer,Corey,2014,SF,27,MIN,81,81,32.2,4.8,10,0.481,0.7,2.6,0.28,4.1,7.4,0.552,0.517,2,2.8,0.718,0.8,1.8,2.6,1.7,1.9,0.4,1.3,2.6,12.3
brewero02,Brewer,Ronnie,2014,SF,28,TOT,24,3,6.7,0.1,0.6,0.2,0,0.3,0.125,0.1,0.3,0.286,0.233,0,0.1,0,0.1,0.5,0.6,0.4,0.3,0,0.1,0.2,0.3
brewero02,Brewer,Ronnie,2014,SF,28,HOU,23,3,6.9,0.1,0.7,0.2,0,0.3,0.125,0.1,0.3,0.286,0.233,0,0.1,0,0.1,0.5,0.6,0.4,0.3,0,0.1,0.2,0.3
brewero02,Brewer,Ronnie,2014,SF,28,CHI,1,0,2,0,0,,0,0,,0,0,,,0,0,,0,0,0,0,0,0,0,0,0
brookaa01,Brooks,Aaron,2014,PG,29,TOT,72,12,21.6,3.2,8.1,0.401,1.3,3.4,0.387,1.9,4.6,0.411,0.484,1.2,1.3,0.874,0.6,1.3,1.9,3.2,0.7,0.2,1.6,2,9
brookaa01,Brooks,Aaron,2014,PG,29,HOU,43,0,16.7,2.4,6.1,0.395,1.3,3.1,0.409,1.2,3,0.382,0.498,0.9,1,0.841,0.5,0.9,1.4,1.9,0.6,0.1,1.2,1.8,7
brookaa01,Brooks,Aaron,2014,PG,29,DEN,29,12,29,4.4,11,0.406,1.4,4,0.362,3,7,0.431,0.472,1.6,1.8,0.902,0.7,2,2.7,5.2,0.9,0.2,2.3,2.4,11.9
brookma01,Brooks,MarShon,2014,SG,25,TOT,35,0,9,1.6,3.6,0.456,0.4,0.7,0.52,1.3,2.9,0.44,0.508,0.9,1.3,0.727,0.3,1.3,1.5,0.7,0.4,0.1,0.7,0.6,4.5
brookma01,Brooks,MarShon,2014,SG,25,BOS,10,0,7.3,0.9,2.4,0.375,0.2,0.4,0.5,0.7,2,0.35,0.417,1.1,1.4,0.786,0.1,1.8,1.9,0.4,0.1,0.1,0.7,0.5,3.1
brookma01,Brooks,MarShon,2014,SG,25,GSW,7,0,2.1,0.7,1.9,0.385,0,0.3,0,0.7,1.6,0.455,0.385,0.4,0.6,0.75,0.1,0.6,0.7,0,0.1,0,0,0,1.9
brookma01,Brooks,MarShon,2014,SG,25,LAL,18,0,12.7,2.4,4.9,0.489,0.6,1.1,0.579,1.8,3.8,0.464,0.551,1,1.4,0.692,0.4,1.2,1.7,1.2,0.7,0.2,0.9,0.9,6.4
brownlo01,Brown,Lorenzo,2014,PG,23,PHI,26,0,8.6,1,3.3,0.302,0.1,1.2,0.1,0.9,2.2,0.411,0.32,0.3,0.5,0.692,0.3,0.8,1.1,1.6,0.5,0.1,0.6,0.7,2.5
brownsh01,Brown,Shannon,2014,SG,28,TOT,29,1,8.7,0.8,2.3,0.364,0,0.1,0,0.8,2.2,0.375,0.364,0.5,0.7,0.714,0.2,0.7,1,0.3,0.4,0,0.6,0.8,2.2
brownsh01,Brown,Shannon,2014,SG,28,SAS,10,1,10.3,0.8,2.8,0.286,0,0.2,0,0.8,2.6,0.308,0.286,0.7,0.9,0.778,0.1,1.2,1.3,0.5,0.1,0,0.8,1.2,2.3
brownsh01,Brown,Shannon,2014,SG,28,NYK,19,0,7.8,0.8,2,0.421,0,0,,0.8,2,0.421,0.421,0.4,0.6,0.667,0.3,0.5,0.8,0.2,0.6,0,0.5,0.6,2.1
bryanko01,Bryant,Kobe,2014,SG,35,LAL,6,6,29.5,5.2,12.2,0.425,0.5,2.7,0.188,4.7,9.5,0.491,0.445,3,3.5,0.857,0.3,4,4.3,6.3,1.2,0.2,5.7,1.5,13.8
budinch01,Budinger,Chase,2014,SF,25,MIN,41,8,18.3,2.4,6.2,0.394,1,2.9,0.35,1.4,3.3,0.433,0.476,0.8,1,0.821,0.5,2,2.5,0.8,0.5,0,0.6,1.4,6.7
bullore01,Bullock,Reggie,2014,SF,22,LAC,43,0,9.2,1,2.8,0.355,0.5,1.7,0.301,0.5,1.1,0.438,0.446,0.2,0.2,0.778,0.3,1,1.3,0.3,0.2,0,0.3,0.6,2.7
burketr01,Burke,Trey,2014,PG,21,UTA,70,68,32.3,4.9,12.8,0.38,1.6,4.8,0.33,3.3,8,0.41,0.442,1.5,1.6,0.903,0.5,2.4,3,5.7,0.6,0.1,1.9,2.1,12.8
burksal01,Burks,Alec,2014,SG,22,UTA,78,12,28.1,4.9,10.7,0.457,0.6,1.8,0.35,4.2,8.8,0.48,0.487,3.6,4.8,0.748,0.8,2.5,3.3,2.7,0.9,0.2,1.9,2.4,14
butleca01,Butler,Caron,2014,SF,33,TOT,56,13,25.3,3.8,9.6,0.394,1.8,4.4,0.394,2.1,5.2,0.395,0.485,1.1,1.3,0.84,0.4,3.7,4.1,1.5,0.8,0.3,1.1,2.1,10.5
butleca01,Butler,Caron,2014,SF,33,MIL,34,13,24.1,4,10.4,0.387,1.6,4.3,0.361,2.5,6.1,0.406,0.462,1.4,1.6,0.839,0.5,4.2,4.6,1.6,0.7,0.3,1.5,1.9,11
butleca01,Butler,Caron,2014,SF,33,OKC,22,0,27.2,3.5,8.5,0.409,2,4.6,0.441,1.4,3.8,0.369,0.53,0.7,0.9,0.842,0.2,3,3.2,1.2,1.1,0.3,0.4,2.5,9.7
butleji01,Butler,Jimmy,2014,SG,24,CHI,67,67,38.7,4.1,10.3,0.397,1,3.6,0.283,3.1,6.8,0.457,0.446,3.9,5,0.769,1.3,3.6,4.9,2.6,1.9,0.5,1.5,1.6,13.1
butlera01,Butler,Rasual,2014,SG,34,IND,50,2,7.6,1,2.2,0.464,0.5,1.2,0.419,0.5,1,0.521,0.582,0.2,0.3,0.571,0.1,0.7,0.8,0.3,0.1,0.2,0.2,0.6,2.7
buyckdw01,Buycks,Dwight,2014,PG,24,TOR,14,0,10.4,1.1,3.4,0.313,0.4,1.2,0.294,0.7,2.2,0.323,0.365,0.6,0.6,0.889,0.3,1.4,1.6,0.7,0.6,0,0.7,0.8,3.1
bynuman01,Bynum,Andrew,2014,C,26,TOT,26,19,19.8,3.6,8.7,0.418,0,0,,3.6,8.7,0.418,0.418,1.4,1.9,0.755,2,3.5,5.6,1.1,0.2,1.1,1.3,1.2,8.7
bynuman01,Bynum,Andrew,2014,C,26,CLE,24,19,20,3.5,8.5,0.419,0,0,,3.5,8.5,0.419,0.419,1.3,1.8,0.762,2,3.3,5.3,1.1,0.3,1.2,1.3,1.2,8.4
bynuman01,Bynum,Andrew,2014,C,26,IND,2,0,18,4.5,11,0.409,0,0,,4.5,11,0.409,0.409,2.5,3.5,0.714,3,6.5,9.5,1,0,0.5,2,1.5,11.5
bynumwi01,Bynum,Will,2014,PG,31,DET,56,3,18.8,3.3,7.7,0.428,0.4,1.1,0.323,2.9,6.6,0.446,0.451,1.7,2.2,0.802,0.4,1.3,1.8,3.9,0.7,0.1,1.8,2.2,8.7
calatni01,Calathes,Nick,2014,SG,24,MEM,71,7,16.5,2,4.4,0.457,0.3,0.9,0.311,1.7,3.5,0.492,0.487,0.6,1,0.611,0.3,1.6,1.9,2.9,0.9,0.1,1.4,1.6,4.9
caldejo01,Calderón,José,2014,PG,32,DAL,81,81,30.5,4.2,9.2,0.456,2.4,5.2,0.449,1.9,4,0.464,0.584,0.6,0.8,0.825,0.4,2,2.4,4.7,0.9,0.1,1.3,1.7,11.4
caldwke01,Caldwell-Pope,Kentavious,2014,SG,20,DET,80,41,19.8,2.3,5.8,0.396,0.7,2.3,0.319,1.5,3.4,0.447,0.46,0.6,0.8,0.77,0.5,1.5,2,0.7,0.9,0.2,0.4,1.8,5.9
canaais01,Canaan,Isaiah,2014,PG,22,HOU,22,0,11.5,1.4,4,0.356,0.8,2.5,0.327,0.6,1.5,0.406,0.46,1,1.3,0.724,0.3,0.8,1.1,1,0.4,0.2,1,1.1,4.6
carrode01,Carroll,DeMarre,2014,SF,27,ATL,73,73,32.1,4.1,8.8,0.47,1.3,3.7,0.362,2.8,5.1,0.548,0.546,1.5,1.9,0.773,1.5,4.1,5.5,1.8,1.5,0.3,1.1,2.6,11.1
cartevi01,Carter,Vince,2014,SG,37,DAL,81,0,24.4,4.1,10,0.407,1.8,4.6,0.394,2.3,5.4,0.418,0.497,2,2.4,0.821,0.8,2.7,3.5,2.6,0.8,0.4,1.3,2.6,11.9
cartemi01,Carter-Williams,Michael,2014,PG,22,PHI,70,70,34.5,6.1,15.1,0.405,0.8,3,0.264,5.3,12.1,0.44,0.431,3.7,5.2,0.703,1.4,4.8,6.2,6.3,1.9,0.6,3.5,3,16.7
casspom01,Casspi,Omri,2014,PF,25,HOU,71,2,18.1,2.4,5.8,0.422,0.9,2.5,0.347,1.6,3.3,0.479,0.496,1.2,1.7,0.68,0.8,2.9,3.7,1.2,0.6,0.2,1,1.4,6.9
chalmma01,Chalmers,Mario,2014,PG,27,MIA,73,73,29.8,3.5,7.7,0.454,1.2,3.1,0.385,2.3,4.6,0.5,0.531,1.7,2.2,0.742,0.6,2.4,2.9,4.9,1.6,0.2,2.2,2.9,9.8
chandty01,Chandler,Tyson,2014,C,31,NYK,55,55,30.2,3.5,5.9,0.593,0,0,0,3.5,5.8,0.595,0.593,1.8,2.8,0.632,2.9,6.7,9.6,1.1,0.7,1.1,1.3,2.6,8.7
chandwi01,Chandler,Wilson,2014,SF,26,DEN,62,55,31.1,5,11.9,0.416,2,5.7,0.348,3,6.2,0.478,0.499,1.8,2.5,0.724,0.9,3.8,4.7,1.8,0.7,0.5,1.3,3.1,13.6
childjo01,Childress,Josh,2014,SF,30,NOP,4,0,6,0,0,,0,0,,0,0,,,0,0,,0,0.8,0.8,0.5,0.3,0,0.3,0.3,0
chrisdi01,Christmas,Dionte,2014,SF,27,PHO,31,0,6.4,0.7,2,0.355,0.3,1,0.29,0.4,1,0.419,0.427,0.6,0.8,0.75,0.4,0.8,1.2,0.3,0.1,0.1,0.2,0.6,2.3
clarkea01,Clark,Earl,2014,PF,26,TOT,54,17,14.2,1.8,4.8,0.372,0.8,2.3,0.336,1,2.6,0.403,0.45,0.4,0.6,0.647,0.4,2.2,2.6,0.3,0.3,0.5,0.6,1.2,4.8
clarkea01,Clark,Earl,2014,PF,26,CLE,45,17,15.5,2,5.3,0.375,0.9,2.6,0.345,1.1,2.8,0.403,0.458,0.3,0.5,0.583,0.4,2.4,2.8,0.4,0.4,0.4,0.7,1.4,5.2
clarkea01,Clark,Earl,2014,PF,26,NYK,9,0,7.8,0.8,2.3,0.333,0.1,0.7,0.167,0.7,1.7,0.4,0.357,0.9,1.1,0.8,0.2,1.6,1.8,0.2,0.1,0.7,0.1,0.7,2.6
clarkia01,Clark,Ian,2014,SG,22,UTA,23,0,7.5,1.1,2.9,0.388,0.5,1.3,0.355,0.7,1.6,0.417,0.47,0.2,0.3,0.714,0.1,0.7,0.8,0.7,0.3,0.1,0.6,1,3
clavevi01,Claver,Victor,2014,SF,25,POR,21,0,8.8,0.8,2,0.405,0.1,0.9,0.167,0.7,1.1,0.583,0.44,0.5,0.5,0.909,0.4,1.4,1.9,0.6,0.1,0.1,0.5,0.8,2.2
coleno01,Cole,Norris,2014,PG,25,MIA,82,6,24.6,2.5,6.1,0.414,0.7,2.1,0.345,1.8,4,0.451,0.474,0.6,0.8,0.779,0.2,1.7,2,3,0.9,0.1,1.5,1.9,6.4
collija04,Collins,Jason,2014,C,35,BRK,22,1,7.8,0.5,1.1,0.458,0,0.1,0,0.5,1,0.524,0.458,0.1,0.2,0.75,0.3,0.5,0.9,0.2,0.4,0,0.3,1.4,1.1
collida01,Collison,Darren,2014,PG,26,LAC,80,35,25.9,4.1,8.7,0.467,0.9,2.4,0.376,3.2,6.3,0.501,0.518,2.4,2.8,0.857,0.6,1.8,2.4,3.7,1.2,0.2,1.7,1.9,11.4
collini01,Collison,Nick,2014,PF,33,OKC,81,0,16.7,1.7,3,0.556,0,0.2,0.235,1.6,2.8,0.58,0.564,0.8,1.1,0.71,1.4,2.2,3.6,1.3,0.4,0.3,0.9,2.3,4.2
conlemi01,Conley,Mike,2014,PG,26,MEM,73,73,33.5,6.3,14.1,0.45,1.4,4,0.361,4.9,10.1,0.484,0.5,3.1,3.8,0.815,0.6,2.4,2.9,6,1.5,0.2,2.1,1.9,17.2
copelch01,Copeland,Chris,2014,SF,29,IND,41,0,6.5,1.3,2.9,0.47,0.8,1.9,0.418,0.5,0.9,0.579,0.611,0.2,0.3,0.714,0.2,0.6,0.8,0.4,0.1,0.2,0.3,0.9,3.7
couside01,Cousins,DeMarcus,2014,C,23,SAC,71,71,32.4,8.3,16.8,0.496,0,0.1,0,8.3,16.7,0.499,0.496,6.1,8.4,0.726,3.1,8.6,11.7,2.9,1.5,1.3,3.5,3.8,22.7
covinro01,Covington,Robert,2014,SF,23,HOU,7,0,4.9,0.9,2,0.429,0.6,1.6,0.364,0.3,0.4,0.667,0.571,0,0,,0.3,0.4,0.7,0,0.3,0,0.1,0.4,2.3
crabbal01,Crabbe,Allen,2014,SG,21,POR,15,0,6.7,0.8,2.2,0.364,0.4,0.9,0.429,0.4,1.3,0.316,0.455,0.2,0.3,0.75,0.1,0.5,0.6,0.4,0.1,0.1,0.2,0.7,2.2
crawfja01,Crawford,Jamal,2014,SG,33,LAC,69,24,30.3,6.1,14.7,0.416,2.3,6.5,0.361,3.8,8.2,0.46,0.496,4,4.7,0.866,0.5,1.8,2.3,3.2,0.9,0.2,2,1.7,18.6
crawfjo02,Crawford,Jordan,2014,SG-PG,25,TOT,81,35,23,4,9.7,0.415,1.1,3.5,0.316,2.9,6.2,0.471,0.472,1.8,2.1,0.864,0.3,1.9,2.3,3.5,0.6,0.1,1.7,1.5,11
crawfjo02,Crawford,Jordan,2014,PG,25,BOS,39,35,30.7,4.8,11.7,0.413,1.3,4,0.318,3.5,7.6,0.463,0.468,2.8,3.2,0.873,0.5,2.6,3.1,5.7,0.9,0.1,2.2,1.9,13.7
crawfjo02,Crawford,Jordan,2014,SG,25,GSW,42,0,15.7,3.3,7.9,0.417,1,3,0.313,2.4,4.9,0.483,0.477,0.9,1,0.837,0.2,1.3,1.5,1.4,0.3,0,1.2,1,8.4
crowdja01,Crowder,Jae,2014,SF,23,DAL,78,8,16.1,1.7,3.8,0.439,0.6,1.9,0.331,1,1.9,0.552,0.524,0.6,0.8,0.754,0.6,1.9,2.5,0.8,0.8,0.3,0.5,1.3,4.6
cunnida01,Cunningham,Dante,2014,PF,26,MIN,81,7,20.2,2.9,6.3,0.464,0,0.1,0,2.9,6.2,0.468,0.464,0.5,0.8,0.567,1.4,2.7,4.1,1,0.8,0.7,0.5,1.8,6.3
cunnija01,Cunningham,Jared,2014,SG,22,TOT,13,0,6.2,0.5,1.6,0.286,0.1,0.5,0.143,0.4,1.1,0.357,0.31,1,1.2,0.813,0.1,0.4,0.5,0.6,0.2,0,0.2,1.2,2
cunnija01,Cunningham,Jared,2014,SG,22,ATL,5,0,4.4,0.2,0.4,0.5,0,0.2,0,0.2,0.2,1,0.5,0,0.4,0,0,0.2,0.2,0.6,0,0,0.4,0.6,0.4
cunnija01,Cunningham,Jared,2014,SG,22,SAC,8,0,7.3,0.6,2.4,0.263,0.1,0.8,0.167,0.5,1.6,0.308,0.289,1.6,1.8,0.929,0.1,0.5,0.6,0.6,0.4,0,0,1.6,3
curryse01,Curry,Seth,2014,PG,23,TOT,2,0,6.5,0.5,1.5,0.333,0.5,0.5,1,0,1,0,0.5,0,0,,0,0.5,0.5,0,1,0,0,0,1.5
curryse01,Curry,Seth,2014,PG,23,MEM,1,0,4,0,0,,0,0,,0,0,,,0,0,,0,0,0,0,0,0,0,0,0
curryse01,Curry,Seth,2014,PG,23,CLE,1,0,9,1,3,0.333,1,1,1,0,2,0,0.5,0,0,,0,1,1,0,2,0,0,0,3
curryst01,Curry,Stephen,2014,PG,25,GSW,78,78,36.5,8.4,17.7,0.471,3.3,7.9,0.424,5,9.8,0.509,0.566,3.9,4.5,0.885,0.6,3.7,4.3,8.5,1.6,0.2,3.8,2.5,24
dalemsa01,Dalembert,Samuel,2014,C,32,DAL,80,68,20.2,2.7,4.7,0.568,0,0,0,2.7,4.7,0.569,0.568,1.3,1.7,0.737,2.5,4.3,6.8,0.5,0.5,1.2,1.1,2.6,6.6
danietr01,Daniels,Troy,2014,SG,22,HOU,5,1,15,3,6.2,0.484,2.4,5,0.48,0.6,1.2,0.5,0.677,0,0,,0,0.8,0.8,1,0,0,0.6,1.2,8.4
datomlu01,Datome,Luigi,2014,SF,26,DET,34,0,7,1,2.9,0.351,0.2,1.1,0.179,0.8,1.7,0.466,0.387,0.2,0.3,0.8,0.4,0.9,1.4,0.3,0.2,0,0.3,0.6,2.4
daviebr01,Davies,Brandon,2014,PF,22,PHI,51,0,11.3,1.1,2.5,0.422,0,0.2,0.2,1,2.3,0.441,0.43,0.7,1,0.642,0.7,1.4,2.1,0.5,0.5,0.2,0.7,1.8,2.8
davisan02,Davis,Anthony,2014,PF,20,NOP,67,66,35.2,7.8,15,0.519,0,0.1,0.222,7.8,14.9,0.522,0.52,5.2,6.6,0.791,3.1,7,10,1.6,1.3,2.8,1.6,3,20.8
davised01,Davis,Ed,2014,PF,24,MEM,63,4,15.2,2.5,4.6,0.534,0,0,,2.5,4.6,0.534,0.534,0.7,1.4,0.528,1.5,2.7,4.1,0.4,0.3,0.7,0.6,1.8,5.7
davisgl01,Davis,Glen,2014,PF,28,TOT,68,44,24.4,4,8.7,0.457,0.1,0.2,0.364,3.9,8.6,0.459,0.46,1.4,2,0.693,1.6,3.6,5.2,1.1,0.9,0.4,1.1,2.3,9.4
davisgl01,Davis,Glen,2014,PF,28,ORL,45,43,30.1,5.2,11.4,0.453,0.1,0.2,0.4,5.1,11.2,0.454,0.457,1.7,2.5,0.675,1.9,4.3,6.3,1.6,1,0.5,1.3,2.5,12.1
davisgl01,Davis,Glen,2014,PF,28,LAC,23,1,13.4,1.7,3.5,0.481,0,0,0,1.7,3.5,0.488,0.481,0.8,1,0.783,0.9,2.1,3,0.3,0.5,0.3,0.7,2.1,4.2
dayeau01,Daye,Austin,2014,SF,25,TOT,22,1,6.7,1.1,3.1,0.353,0.5,1.7,0.324,0.5,1.4,0.387,0.441,0.3,0.5,0.6,0.2,1,1.2,0.4,0.2,0.2,0.2,0.8,3
dayeau01,Daye,Austin,2014,SF,25,TOR,8,0,4.1,0.4,1.6,0.231,0,1,0,0.4,0.6,0.6,0.231,0.3,0.4,0.667,0.3,0.6,0.9,0.3,0,0,0,0.5,1
dayeau01,Daye,Austin,2014,SF,25,SAS,14,1,8.2,1.5,3.9,0.382,0.9,2.1,0.414,0.6,1.9,0.346,0.491,0.3,0.5,0.571,0.2,1.2,1.4,0.4,0.3,0.3,0.4,1,4.1
decolna01,De Colo,Nando,2014,SF,26,TOT,47,3,10.5,1.4,3.3,0.418,0.4,1.1,0.34,1,2.1,0.46,0.477,0.7,0.7,0.886,0.3,1.3,1.6,1.4,0.5,0.1,0.7,1,3.8
decolna01,De Colo,Nando,2014,SF,26,SAS,26,3,11.6,1.6,3.6,0.452,0.4,1.2,0.323,1.2,2.4,0.516,0.505,0.7,0.8,0.818,0.2,1.5,1.7,1.2,0.6,0.1,0.8,1,4.3
decolna01,De Colo,Nando,2014,SF,26,TOR,21,0,9.2,1,2.9,0.367,0.4,1,0.364,0.7,1.8,0.368,0.433,0.6,0.6,1,0.4,1,1.3,1.6,0.3,0.1,0.7,1.1,3.1
dedmode01,Dedmon,Dewayne,2014,C,24,TOT,31,6,12.6,1.2,2.7,0.458,0,0,,1.2,2.7,0.458,0.458,0.7,1,0.656,1.2,2.9,4.1,0.2,0.2,0.7,0.6,2.1,3.1
dedmode01,Dedmon,Dewayne,2014,C,24,GSW,4,0,1.5,0,0.3,0,0,0,,0,0.3,0,0,0.3,0.5,0.5,0,0,0,0,0,0,0,0.3,0.3
dedmode01,Dedmon,Dewayne,2014,C,24,PHI,11,0,13.6,1.4,2.6,0.517,0,0,,1.4,2.6,0.517,0.517,0.6,1.2,0.538,1,3.5,4.5,0.3,0,0.8,0.8,2.5,3.4
dedmode01,Dedmon,Dewayne,2014,C,24,ORL,16,6,14.6,1.4,3.3,0.434,0,0,,1.4,3.3,0.434,0.434,0.8,1.1,0.765,1.7,3.2,4.9,0.1,0.4,0.8,0.6,2.3,3.7
dellama01,Dellavedova,Matthew,2014,SG,23,CLE,72,4,17.7,1.7,4.1,0.412,0.8,2.2,0.368,0.9,2,0.461,0.508,0.5,0.7,0.792,0.4,1.3,1.7,2.6,0.5,0.1,0.8,1.7,4.7
denglu01,Deng,Luol,2014,SF,28,TOT,63,63,35.1,5.9,13.7,0.431,0.9,3,0.302,5,10.7,0.468,0.465,3.4,4.3,0.791,1.6,4.2,5.7,2.9,1,0.1,1.8,1.8,16
denglu01,Deng,Luol,2014,SF,28,CHI,23,23,37.4,7,15.4,0.452,0.7,2.7,0.274,6.2,12.7,0.49,0.476,4.4,5.4,0.815,1.7,5.1,6.9,3.7,1,0.2,2.6,2.3,19
denglu01,Deng,Luol,2014,SF,28,CLE,40,40,33.8,5.3,12.7,0.417,1,3.2,0.315,4.3,9.5,0.451,0.457,2.8,3.6,0.771,1.5,3.6,5.1,2.5,1,0.1,1.4,1.5,14.3
derozde01,DeRozan,DeMar,2014,SG,24,TOR,79,79,38.2,7.6,17.8,0.429,0.8,2.7,0.305,6.8,15.2,0.451,0.452,6.6,8,0.824,0.6,3.7,4.3,4,1.1,0.4,2.2,2.5,22.7
diawbo01,Diaw,Boris,2014,PF,31,SAS,79,24,25,3.8,7.3,0.521,0.6,1.4,0.402,3.3,5.9,0.549,0.559,0.9,1.2,0.739,0.9,3.2,4.1,2.8,0.6,0.4,1.5,1.8,9.1
dienggo01,Dieng,Gorgui,2014,C,24,MIN,60,15,13.6,1.9,3.8,0.498,0,0,1,1.9,3.8,0.496,0.5,1,1.6,0.634,1.7,3.3,5,0.7,0.5,0.8,0.9,1.8,4.8
douglto01,Douglas,Toney,2014,PG,27,TOT,51,17,13.2,1.4,3.7,0.384,0.6,2,0.304,0.8,1.7,0.477,0.466,0.5,0.7,0.735,0.4,1.4,1.7,1.3,0.4,0.1,0.7,1.6,4
douglto01,Douglas,Toney,2014,PG,27,GSW,24,0,11,1.3,3.6,0.372,0.8,2.5,0.322,0.5,1.1,0.481,0.483,0.2,0.3,0.625,0.2,0.9,1.1,0.8,0.3,0.1,0.7,1.4,3.7
douglto01,Douglas,Toney,2014,PG,27,MIA,27,17,15.2,1.5,3.9,0.394,0.4,1.6,0.279,1.1,2.3,0.475,0.452,0.7,1,0.769,0.5,1.7,2.3,1.8,0.5,0.1,0.7,1.7,4.2
douglch01,Douglas-Roberts,Chris,2014,SF,27,CHA,49,8,20.7,2.3,5.1,0.44,1,2.7,0.386,1.2,2.4,0.5,0.542,1.3,1.7,0.805,0.3,2.1,2.4,1,0.6,0.3,0.7,1.2,6.9
dragigo01,Dragić,Goran,2014,SG,27,PHO,76,75,35.1,7.3,14.4,0.505,1.6,3.9,0.408,5.7,10.4,0.542,0.561,4.2,5.5,0.76,0.9,2.3,3.2,5.9,1.4,0.3,2.8,2.7,20.3
drumman01,Drummond,Andre,2014,C,20,DET,81,81,32.3,5.9,9.5,0.623,0,0,0,5.9,9.5,0.625,0.623,1.7,4,0.418,5.4,7.8,13.2,0.4,1.2,1.6,1.4,3.4,13.5
dudleja01,Dudley,Jared,2014,SF,28,LAC,74,43,23.4,2.6,6,0.438,1.1,3,0.36,1.6,3,0.518,0.529,0.5,0.8,0.655,0.5,1.7,2.2,1.4,0.6,0.1,0.8,2,6.9
duncati01,Duncan,Tim,2014,C,37,SAS,74,74,29.2,6,12.2,0.49,0,0.1,0,6,12.2,0.493,0.49,3.1,4.3,0.731,2.1,7.6,9.7,3,0.6,1.9,2.1,1.8,15.1
dunlemi02,Dunleavy,Mike,2014,SF,33,CHI,82,61,31.5,4.1,9.4,0.43,1.5,4,0.38,2.6,5.5,0.467,0.51,1.7,2,0.854,0.6,3.6,4.2,2.3,0.8,0.6,1.3,2,11.3
duranke01,Durant,Kevin,2014,SF,25,OKC,81,81,38.5,10.5,20.8,0.503,2.4,6.1,0.391,8.1,14.8,0.549,0.56,8.7,9.9,0.873,0.7,6.7,7.4,5.5,1.3,0.7,3.5,2.1,32
edwarsh01,Edwards,Shane,2014,SF,26,CLE,2,0,6,0.5,1.5,0.333,0,0,,0.5,1.5,0.333,0.333,0,0,,0.5,0.5,1,0,0,0,0.5,0.5,1
ellinwa01,Ellington,Wayne,2014,SG,26,DAL,45,1,8.7,1.2,2.8,0.437,0.6,1.3,0.424,0.7,1.5,0.448,0.536,0.2,0.2,0.909,0.2,0.8,1,0.4,0.4,0,0.2,0.7,3.2
ellismo01,Ellis,Monta,2014,SG,28,DAL,82,82,36.9,7,15.6,0.451,0.8,2.5,0.33,6.2,13,0.474,0.478,4.1,5.2,0.788,0.5,3.1,3.6,5.7,1.7,0.3,3.2,2.4,19
elyme01,Ely,Melvin,2014,C,35,NOP,2,0,13.5,1.5,3,0.5,0,0,,1.5,3,0.5,0.5,0,0,,0,0.5,0.5,0,0,0.5,0,2.5,3
evansje01,Evans,Jeremy,2014,SF,26,UTA,66,4,18.3,2.7,5,0.527,0,0,0,2.7,5,0.53,0.527,0.8,1.1,0.68,1.8,2.9,4.7,0.7,0.6,0.7,0.6,2.1,6.1
evansre01,Evans,Reggie,2014,PF,33,TOT,54,20,16.6,1.3,2.8,0.473,0,0,,1.3,2.8,0.473,0.473,1.3,2.4,0.554,2.1,4.1,6.2,0.4,0.7,0.1,1.1,2.2,4
evansre01,Evans,Reggie,2014,PF,33,BRK,30,6,13.3,0.8,2,0.39,0,0,,0.8,2,0.39,0.39,1.2,2.2,0.538,1.8,3.2,5,0.2,0.4,0.1,0.9,1.8,2.7
evansre01,Evans,Reggie,2014,PF,33,SAC,24,14,20.8,2,3.8,0.527,0,0,,2,3.8,0.527,0.527,1.5,2.7,0.569,2.6,5.1,7.7,0.7,1,0,1.3,2.7,5.5
evansty01,Evans,Tyreke,2014,SF,24,NOP,72,22,28.2,5.4,12.5,0.436,0.3,1.3,0.221,5.1,11.1,0.461,0.448,3.3,4.3,0.771,1.1,3.7,4.7,5,1.2,0.3,2.4,2.2,14.5
farieke01,Faried,Kenneth,2014,PF,24,DEN,80,77,27.2,5.6,10.3,0.545,0,0,0,5.6,10.2,0.547,0.545,2.5,3.9,0.65,3,5.6,8.6,1.2,0.9,0.9,1.7,2.4,13.7
farmajo01,Farmar,Jordan,2014,PG,27,LAL,41,5,22.2,3.7,8.9,0.415,1.7,3.9,0.438,2,5,0.397,0.511,1.1,1.4,0.746,0.5,2,2.5,4.9,0.9,0.2,2.3,1.6,10.1
favervi01,Faverani,Vítor,2014,C,25,BOS,37,8,13.2,1.7,4,0.435,0.3,1.1,0.3,1.4,2.9,0.486,0.476,0.6,1,0.649,1.1,2.3,3.5,0.4,0.4,0.7,1.1,2,4.4
favorde01,Favors,Derrick,2014,PF,22,UTA,73,73,30.2,5.3,10.2,0.522,0,0,0,5.3,10.2,0.523,0.522,2.6,3.9,0.669,2.7,6,8.7,1.2,1,1.5,1.8,3.2,13.3
felixca01,Felix,Carrick,2014,SG,23,CLE,7,0,5.4,1,2,0.5,0.3,0.7,0.4,0.7,1.3,0.556,0.571,0.4,0.6,0.75,0.1,0.7,0.9,0.6,0,0,0.6,0.6,2.7
feltora01,Felton,Raymond,2014,PG,29,NYK,65,65,31,3.7,9.4,0.395,1,3,0.318,2.7,6.4,0.431,0.446,1.4,1.9,0.721,0.8,2.2,3,5.6,1.2,0.4,2,2.4,9.7
fieldla01,Fields,Landry,2014,SF,25,TOR,30,2,10.7,0.9,2.2,0.403,0,0.2,0,0.9,2.1,0.435,0.403,0.5,0.7,0.636,0.5,1.5,2,0.7,0.3,0.1,0.4,0.8,2.3
fishede01,Fisher,Derek,2014,SG,39,OKC,81,0,17.6,1.7,4.5,0.391,1.1,2.8,0.384,0.7,1.6,0.402,0.512,0.7,0.9,0.775,0.1,1.4,1.5,1.4,0.9,0,0.6,1.9,5.2
fournev01,Fournier,Evan,2014,SG,21,DEN,76,4,19.8,3,7.2,0.419,1.2,3.1,0.376,1.8,4,0.453,0.501,1.2,1.6,0.756,0.4,2.2,2.7,1.5,0.4,0.1,1.3,2.4,8.4
foyera01,Foye,Randy,2014,SG,30,DEN,81,78,30.7,4.5,10.8,0.413,2.3,6.1,0.38,2.1,4.7,0.456,0.521,1.9,2.3,0.849,0.4,2.4,2.9,3.5,0.8,0.5,1.8,2.5,13.2
frankja01,Franklin,Jamaal,2014,SG,22,MEM,21,0,7.7,0.8,1.9,0.41,0.2,0.5,0.455,0.5,1.3,0.393,0.474,0.1,0.1,1,0.2,0.9,1.1,0.3,0.2,0.1,0.5,1.1,1.9
fredeji01,Fredette,Jimmer,2014,SG,24,TOT,49,0,10.6,2.2,4.6,0.471,0.8,1.7,0.476,1.4,2.9,0.469,0.559,0.4,0.4,0.905,0.2,0.9,1.1,1.3,0.3,0.1,1,0.7,5.6
fredeji01,Fredette,Jimmer,2014,SG,24,SAC,41,0,11.3,2.3,4.8,0.475,0.9,1.8,0.493,1.4,3,0.464,0.566,0.4,0.5,0.895,0.2,0.9,1.1,1.5,0.3,0.1,1.1,0.7,5.9
fredeji01,Fredette,Jimmer,2014,SG,24,CHI,8,0,7,1.6,3.6,0.448,0.5,1.4,0.364,1.1,2.3,0.5,0.517,0.3,0.3,1,0.1,0.8,0.9,0.4,0,0,0.5,0.9,4
freeljo01,Freeland,Joel,2014,C,26,POR,52,0,14,1.5,3.1,0.475,0,0,0,1.5,3.1,0.481,0.475,0.4,0.6,0.69,1.7,2.3,4,0.7,0.2,0.4,0.6,1.8,3.3
fryech01,Frye,Channing,2014,PF,30,PHO,82,82,28.2,4.1,9.5,0.432,2,5.3,0.37,2.1,4.2,0.509,0.535,1,1.2,0.821,0.9,4.2,5.1,1.2,0.7,0.8,1.1,3,11.1
garcifr01,García,Francisco,2014,SF,32,HOU,55,4,19.7,2.1,5.3,0.401,1.3,3.5,0.358,0.9,1.8,0.485,0.519,0.2,0.3,0.526,0.4,1.8,2.2,1.1,0.5,0.6,0.5,2.2,5.7
garneke01,Garnett,Kevin,2014,C,37,BRK,54,54,20.5,2.9,6.6,0.441,0,0.1,0,2.9,6.5,0.445,0.441,0.7,0.9,0.809,1.1,5.5,6.6,1.5,0.8,0.7,1.3,2.3,6.5
garredi02,Garrett,Diante,2014,PG,25,UTA,71,0,14.8,1.4,3.7,0.381,0.5,1.4,0.375,0.9,2.4,0.385,0.449,0.1,0.2,0.833,0.2,1.2,1.4,1.7,0.6,0.1,1.1,1.1,3.5
gasolma01,Gasol,Marc,2014,C,29,MEM,59,59,33.4,5.7,12.1,0.473,0,0.2,0.182,5.7,11.9,0.477,0.474,3.1,4.1,0.768,1.4,5.8,7.2,3.6,1,1.3,1.9,2.5,14.6
gasolpa01,Gasol,Pau,2014,C,33,LAL,60,60,31.4,7.1,14.8,0.48,0.1,0.2,0.286,7,14.5,0.483,0.482,3.1,4.2,0.736,2.1,7.6,9.7,3.4,0.5,1.5,2.4,2.1,17.4
gayru01,Gay,Rudy,2014,SF,27,TOT,73,73,34.7,7.4,16.2,0.455,0.9,2.7,0.33,6.5,13.5,0.481,0.483,4.4,5.3,0.822,1.5,4.4,6,2.9,1.3,0.8,3.1,2.3,20
gayru01,Gay,Rudy,2014,SF,27,TOR,18,18,35.5,7.2,18.6,0.388,1.2,3.3,0.373,6,15.3,0.391,0.421,3.8,4.9,0.773,1.6,5.8,7.4,2.2,1.6,1.3,3.3,2.6,19.4
gayru01,Gay,Rudy,2014,SF,27,SAC,55,55,34.4,7.4,15.3,0.482,0.8,2.5,0.312,6.6,12.8,0.516,0.508,4.5,5.4,0.836,1.5,4,5.5,3.1,1.2,0.6,3,2.3,20.1
geeal01,Gee,Alonzo,2014,SF,26,CLE,65,24,15.7,1.5,3.6,0.415,0.3,0.9,0.328,1.2,2.7,0.444,0.456,0.7,0.9,0.705,0.5,1.8,2.3,0.7,0.6,0.2,0.7,1.5,4
georgpa01,George,Paul,2014,SF,23,IND,80,80,36.2,7.2,17,0.424,2.3,6.3,0.364,4.9,10.8,0.458,0.49,5,5.8,0.864,0.8,6,6.8,3.5,1.9,0.3,2.8,2.5,21.7
gibsota01,Gibson,Taj,2014,PF,28,CHI,82,8,28.7,5.2,10.9,0.479,0,0.1,0,5.2,10.8,0.483,0.479,2.6,3.4,0.751,2.4,4.4,6.8,1.1,0.5,1.4,1.8,2.5,13
ginobma01,Ginóbili,Manu,2014,SG,36,SAS,68,3,22.8,4.3,9.2,0.469,1.3,3.8,0.349,3,5.4,0.553,0.541,2.4,2.8,0.851,0.4,2.5,3,4.3,1,0.3,2,1.9,12.3
goberru01,Gobert,Rudy,2014,C,21,UTA,45,0,9.6,0.8,1.6,0.486,0,0,,0.8,1.6,0.486,0.486,0.7,1.4,0.492,1.1,2.3,3.4,0.2,0.2,0.9,0.7,1.3,2.3
gomesry01,Gomes,Ryan,2014,SF,31,OKC,5,0,6.8,0.6,1.6,0.375,0,0.4,0,0.6,1.2,0.5,0.375,0,0,,0,0.8,0.8,0.2,0,0,0.2,1,1.2
goodedr01,Gooden,Drew,2014,C,32,WAS,22,0,18,3.5,6.5,0.531,0.3,0.8,0.412,3.1,5.7,0.548,0.556,1.1,1.2,0.889,1.7,3.5,5.2,0.7,0.5,0.3,0.8,2.4,8.3
goodwar01,Goodwin,Archie,2014,SG,19,PHO,52,0,10.3,1.5,3.2,0.455,0.1,0.7,0.139,1.4,2.5,0.542,0.47,0.7,1.1,0.673,0.5,1.2,1.7,0.4,0.4,0.2,0.8,0.9,3.7
gordobe01,Gordon,Ben,2014,SG,30,CHA,19,0,14.7,1.9,5.7,0.343,0.4,1.5,0.276,1.5,4.2,0.367,0.38,0.9,1.1,0.81,0.2,1.3,1.4,1.1,0.5,0.1,1.1,0.9,5.2
gordoer01,Gordon,Eric,2014,SG,25,NOP,64,64,32.1,5.6,12.8,0.436,1.6,4,0.391,4,8.7,0.456,0.498,2.7,3.5,0.785,0.5,2.1,2.6,3.3,1.2,0.2,2.1,1.8,15.4
gortama01,Gortat,Marcin,2014,C,29,WAS,81,80,32.8,5.6,10.4,0.542,0,0,1,5.6,10.4,0.541,0.542,1.9,2.8,0.686,2.5,7,9.5,1.7,0.5,1.5,1.6,2.5,13.2
grangda01,Granger,Danny,2014,SF,30,TOT,41,2,20.7,2.8,7.5,0.378,1,3.1,0.336,1.8,4.4,0.408,0.448,1.5,1.6,0.94,0.8,2.5,3.2,1,0.3,0.4,1.1,1.5,8.2
grangda01,Granger,Danny,2014,SF,30,IND,29,2,22.5,2.8,7.7,0.359,1.1,3.2,0.33,1.7,4.4,0.38,0.428,1.8,1.8,0.962,0.8,2.8,3.6,1.1,0.3,0.4,1.2,1.4,8.3
grangda01,Granger,Danny,2014,SF,30,LAC,12,0,16.2,3,7,0.429,1,2.8,0.353,2,4.2,0.48,0.5,1,1.2,0.857,0.6,1.8,2.3,0.7,0.3,0.3,0.8,1.8,8
grayaa01,Gray,Aaron,2014,C,29,TOT,37,6,9.6,0.7,1.6,0.443,0,0,0,0.7,1.6,0.45,0.443,0.3,0.5,0.55,1.1,1.9,3,0.6,0.3,0.2,0.8,1.7,1.8
grayaa01,Gray,Aaron,2014,C,29,TOR,4,0,5,0.5,0.8,0.667,0,0,,0.5,0.8,0.667,0.667,0.3,0.5,0.5,0.8,1.3,2,0.8,0,0,1,1.8,1.3
grayaa01,Gray,Aaron,2014,C,29,SAC,33,6,10.2,0.8,1.8,0.431,0,0,0,0.8,1.7,0.439,0.431,0.3,0.5,0.556,1.2,1.9,3.1,0.6,0.3,0.2,0.8,1.7,1.8
greenda02,Green,Danny,2014,SG,26,SAS,68,59,24.3,3.2,7.4,0.432,1.9,4.7,0.415,1.3,2.8,0.46,0.562,0.7,0.9,0.794,0.4,3,3.4,1.5,1,0.9,1.1,1.6,9.1
greendr01,Green,Draymond,2014,SF,23,GSW,82,12,21.9,2.3,5.6,0.407,0.7,2,0.333,1.6,3.6,0.449,0.467,1,1.5,0.667,1,3.9,5,1.9,1.2,0.9,1.1,2.8,6.2
greenge01,Green,Gerald,2014,SG,28,PHO,82,48,28.4,5.5,12.3,0.445,2.5,6.2,0.4,3,6,0.492,0.547,2.4,2.8,0.848,0.6,2.8,3.4,1.5,0.9,0.5,1.8,2.7,15.8
greenje02,Green,Jeff,2014,SF,27,BOS,82,82,34.2,5.9,14.3,0.412,1.6,4.8,0.341,4.2,9.5,0.448,0.469,3.5,4.3,0.795,0.7,4,4.6,1.7,0.7,0.6,2,2.2,16.9
greenwi01,Green,Willie,2014,SG,32,LAC,55,9,15.8,1.9,4.9,0.376,0.7,2.2,0.339,1.1,2.7,0.407,0.452,0.5,0.6,0.824,0.2,1.2,1.4,0.9,0.4,0.2,0.6,1.7,5
griffbl01,Griffin,Blake,2014,PF,24,LAC,80,80,35.8,9,17,0.528,0.2,0.6,0.273,8.8,16.4,0.537,0.533,6,8.4,0.715,2.4,7.1,9.5,3.9,1.2,0.6,2.8,3.3,24.1
gutiejo01,Gutiérrez,Jorge,2014,PG,25,BRK,15,2,16.3,1.7,3.6,0.463,0.2,0.8,0.25,1.5,2.8,0.524,0.491,0.6,0.8,0.75,0.2,1.3,1.5,2,0.7,0.1,0.9,2.5,4.1
hamiljo02,Hamilton,Jordan,2014,SF,23,TOT,60,12,17,2.5,6.3,0.391,1.2,3.3,0.354,1.3,3,0.433,0.484,0.7,0.9,0.784,0.5,2.7,3.2,0.9,0.7,0.3,0.8,1.1,6.7
hamiljo02,Hamilton,Jordan,2014,SF,23,DEN,39,11,17.2,2.5,6.5,0.39,1.2,3.3,0.349,1.4,3.2,0.432,0.478,0.6,0.8,0.742,0.6,2.8,3.4,0.9,0.8,0.3,0.7,0.8,6.8
hamiljo02,Hamilton,Jordan,2014,SF,23,HOU,21,1,16.6,2.3,5.8,0.393,1.2,3.3,0.362,1.1,2.5,0.434,0.496,0.8,1,0.85,0.4,2.5,2.9,0.9,0.6,0.3,0.9,1.7,6.6
hamilju01,Hamilton,Justin,2014,C,23,TOT,8,0,9,1.1,2.5,0.45,0.4,1.1,0.333,0.8,1.4,0.545,0.525,0.6,0.6,1,0.5,0.4,0.9,0,0.6,0,0.5,1,3.3
hamilju01,Hamilton,Justin,2014,C,23,CHA,1,0,4,0,0,,0,0,,0,0,,,0,0,,0,0,0,0,1,0,1,0,0
hamilju01,Hamilton,Justin,2014,C,23,MIA,7,0,9.7,1.3,2.9,0.45,0.4,1.3,0.333,0.9,1.6,0.545,0.525,0.7,0.7,1,0.6,0.4,1,0,0.6,0,0.4,1.1,3.7
hansbty01,Hansbrough,Tyler,2014,PF,28,TOR,64,4,15.3,1.5,3.1,0.474,0,0,0,1.5,3,0.479,0.474,2,2.9,0.681,1.9,2.6,4.5,0.3,0.4,0.3,0.7,2.1,4.9
hardati02,Hardaway,Tim,2014,SG,21,NYK,81,1,23.1,3.6,8.5,0.428,1.6,4.4,0.363,2,4.1,0.498,0.523,1.3,1.6,0.828,0.2,1.3,1.5,0.8,0.5,0.1,0.6,1.8,10.2
hardeja01,Harden,James,2014,SG,24,HOU,73,73,38,7.5,16.5,0.456,2.4,6.6,0.366,5.1,9.9,0.515,0.529,7.9,9.1,0.866,0.8,3.9,4.7,6.1,1.6,0.4,3.6,2.4,25.4
harklma01,Harkless,Maurice,2014,SF,20,ORL,80,41,24.4,2.8,6,0.464,0.7,1.9,0.383,2.1,4.1,0.502,0.525,1.1,1.8,0.594,0.9,2.4,3.3,1,1.2,0.6,1.1,1.8,7.4
harrejo01,Harrellson,Josh,2014,C,24,DET,32,0,9.9,1.2,2.6,0.463,0.4,1,0.387,0.8,1.6,0.51,0.537,0.2,0.2,0.714,0.9,1.4,2.4,0.5,0.2,0.5,0.3,1.4,2.9
harrial01,Harrington,Al,2014,PF,33,WAS,34,0,15,2.4,6.1,0.396,1,2.9,0.34,1.4,3.1,0.449,0.478,0.8,1,0.771,0.4,1.9,2.4,0.8,0.4,0,1,2.1,6.6
harride01,Harris,Devin,2014,PG,30,DAL,40,0,20.5,2.4,6.4,0.378,0.8,2.5,0.307,1.6,3.8,0.425,0.439,2.3,2.9,0.8,0.2,1.9,2.1,4.5,0.7,0.1,1.5,1.8,7.9
harriel01,Harris,Elias,2014,SF,24,LAL,2,0,5.5,0,0.5,0,0,0,,0,0.5,0,0,0,0,,0.5,0,0.5,0.5,0.5,0,0,0,0
harrima01,Harris,Manny,2014,SG,24,LAL,9,0,20,3.1,7.8,0.4,0.8,2.2,0.35,2.3,5.6,0.42,0.45,1.1,1.3,0.833,0.8,3,3.8,1.2,0.4,0.1,1,1.1,8.1
harrimi01,Harris,Mike,2014,PF,30,UTA,20,0,11.3,1.5,3.1,0.475,0,0.1,0,1.5,3,0.492,0.475,1.3,1.4,0.963,0.8,0.9,1.7,0.3,0.8,0.4,0.6,1.8,4.2
harrito02,Harris,Tobias,2014,PF,21,ORL,61,36,30.3,5.4,11.7,0.464,0.5,2.1,0.254,4.9,9.7,0.508,0.486,3.2,4,0.807,1.4,5.5,7,1.3,0.7,0.4,1.3,2.3,14.6
hasleud01,Haslem,Udonis,2014,PF,33,MIA,46,18,14.2,1.6,3.2,0.507,0,0,,1.6,3.2,0.507,0.507,0.5,1,0.568,0.9,2.9,3.8,0.3,0.2,0.3,0.5,1.7,3.8
hawessp01,Hawes,Spencer,2014,C,25,TOT,80,78,30.9,5,11,0.456,1.6,3.9,0.416,3.4,7.2,0.478,0.529,1.5,1.9,0.783,1.6,6.6,8.3,3,0.6,1.2,2.2,3,13.2
hawessp01,Hawes,Spencer,2014,C,25,PHI,53,53,31.4,5,11.1,0.451,1.5,3.8,0.399,3.5,7.2,0.478,0.52,1.5,1.9,0.782,1.7,6.9,8.5,3.3,0.6,1.3,2.2,2.9,13
hawessp01,Hawes,Spencer,2014,C,25,CLE,27,25,29.8,5.1,11,0.468,1.7,3.9,0.448,3.4,7.1,0.479,0.547,1.5,1.9,0.784,1.6,6.1,7.7,2.4,0.5,1,2,3.1,13.5
hayesch01,Hayes,Chuck,2014,C,30,TOT,61,1,12.4,0.9,2.1,0.431,0,0,0,0.9,2.1,0.434,0.431,0.3,0.4,0.8,1.1,2.3,3.4,0.6,0.6,0.2,0.5,1.6,2.2
hayesch01,Hayes,Chuck,2014,C,30,SAC,16,1,11.2,0.9,2,0.438,0,0,,0.9,2,0.438,0.438,0.3,0.4,0.714,1.3,1.7,2.9,0.4,0.7,0.1,0.4,1.1,2.1
hayesch01,Hayes,Chuck,2014,C,30,TOR,45,0,12.8,0.9,2.2,0.429,0,0,0,0.9,2.2,0.433,0.429,0.3,0.4,0.833,1.1,2.5,3.6,0.6,0.5,0.2,0.6,1.7,2.2
haywago01,Hayward,Gordon,2014,SF,23,UTA,77,77,36.4,5.5,13.4,0.413,1.1,3.6,0.304,4.4,9.8,0.453,0.454,4,4.9,0.816,0.8,4.3,5.1,5.2,1.4,0.5,2.8,2,16.2
hendege02,Henderson,Gerald,2014,SG,26,CHA,77,77,32,5.2,12.1,0.433,0.5,1.5,0.348,4.7,10.6,0.445,0.455,3.1,4,0.761,0.4,3.6,4,2.6,0.7,0.4,1.5,2.1,14
henryxa01,Henry,Xavier,2014,SF,22,LAL,43,5,21.1,3.3,8,0.417,0.7,1.9,0.346,2.7,6.1,0.439,0.458,2.7,4.1,0.655,0.6,2.1,2.7,1.2,1,0.2,1.3,1.8,10
hensojo01,Henson,John,2014,PF,23,MIL,70,23,26.5,4.9,9.1,0.538,0,0,0,4.9,9.1,0.539,0.538,1.3,2.5,0.514,2.4,4.7,7.1,1.6,0.6,1.7,1.6,2.6,11.1
hibbero01,Hibbert,Roy,2014,C,27,IND,81,81,29.7,4.1,9.3,0.439,0,0.1,0.4,4.1,9.2,0.439,0.44,2.6,3.3,0.77,2.5,4.1,6.6,1.1,0.4,2.2,1.8,3.3,10.8
hicksjj01,Hickson,J.J.,2014,PF,25,DEN,69,52,26.9,4.8,9.5,0.508,0,0.1,0,4.8,9.4,0.514,0.508,2.2,4.2,0.517,3,6.2,9.2,1.4,0.7,0.7,1.9,2.6,11.8
hilarne01,Hilário,Nenê,2014,PF,31,WAS,53,37,29.4,5.6,11.2,0.503,0,0.1,0.2,5.6,11.1,0.506,0.504,2.9,5,0.583,1.2,4.3,5.5,2.9,1.2,0.9,2.2,3.1,14.2
hillge01,Hill,George,2014,PG,27,IND,76,76,32,3.6,8.1,0.442,1.3,3.4,0.365,2.3,4.7,0.497,0.519,1.9,2.3,0.807,0.7,3,3.7,3.5,1,0.3,1.2,2.1,10.3
hilljo01,Hill,Jordan,2014,PF,26,LAL,72,32,20.8,4,7.2,0.549,0,0,0,4,7.2,0.55,0.549,1.7,2.5,0.685,2.7,4.7,7.4,0.8,0.4,0.9,1,2.4,9.7
hillso01,Hill,Solomon,2014,SF,22,IND,28,0,8.1,0.6,1.4,0.425,0.3,0.8,0.304,0.4,0.6,0.588,0.513,0.2,0.3,0.857,0.3,1.1,1.5,0.4,0.2,0.1,0.5,0.7,1.7
hinriki01,Hinrich,Kirk,2014,PG,33,CHI,73,61,29,3.3,8.5,0.393,1.2,3.3,0.351,2.2,5.2,0.419,0.461,1.3,1.7,0.76,0.4,2.2,2.6,3.9,1.1,0.4,1.6,2.8,9.1
holidjr01,Holiday,Jrue,2014,PG,23,NOP,34,34,33.6,6,13.4,0.447,0.9,2.3,0.39,5.1,11.1,0.459,0.48,1.5,1.9,0.81,0.8,3.4,4.2,7.9,1.6,0.4,3.1,2.7,14.3
holliry01,Hollins,Ryan,2014,PF,29,LAC,61,0,7.9,0.9,1.2,0.736,0,0,,0.9,1.2,0.736,0.736,0.6,0.9,0.625,0.5,1,1.5,0.1,0.1,0.5,0.5,1.4,2.3
hopsosc01,Hopson,Scotty,2014,SG,24,CLE,2,0,3.5,0,2,0,0,1,0,0,1,0,0,0.5,1,0.5,0,0,0,0.5,0.5,0,0,0,0.5
horfoal01,Horford,Al,2014,C,27,ATL,29,29,33,8.2,14.5,0.567,0.1,0.4,0.364,8.1,14.1,0.572,0.571,2,2.9,0.682,2.3,6.1,8.4,2.6,0.9,1.5,2.2,1.9,18.6
howardw01,Howard,Dwight,2014,C,28,HOU,71,71,33.7,6.7,11.3,0.591,0,0.1,0.286,6.6,11.2,0.594,0.593,4.9,9,0.547,3.3,8.9,12.2,1.8,0.8,1.8,3.2,3.4,18.3
hummero01,Hummel,Robbie,2014,SF,24,MIN,53,5,12.4,1.3,3.3,0.379,0.6,1.7,0.36,0.7,1.7,0.398,0.469,0.3,0.3,0.938,0.7,1.8,2.5,0.4,0.3,0,0.2,1.1,3.4
humphkr01,Humphries,Kris,2014,PF,28,BOS,69,30,19.9,3.3,6.7,0.501,0,0,0,3.3,6.7,0.503,0.501,1.7,2.1,0.813,1.8,4.1,5.9,1,0.4,0.9,0.9,2,8.4
ibakase01,Ibaka,Serge,2014,PF,24,OKC,81,81,32.9,6.5,12.1,0.536,0.3,0.7,0.383,6.2,11.3,0.546,0.548,1.9,2.5,0.784,2.8,6,8.8,1,0.5,2.7,1.5,2.9,15.1
iguodan01,Iguodala,Andre,2014,SF,30,GSW,63,63,32.4,3.5,7.3,0.48,1,2.8,0.354,2.5,4.5,0.558,0.548,1.4,2.1,0.652,0.8,3.8,4.7,4.2,1.5,0.3,1.6,1.6,9.3
ilyaser01,İlyasova,Ersan,2014,PF,26,MIL,55,47,26.9,4.3,10.5,0.409,0.7,2.4,0.282,3.6,8.1,0.446,0.441,1.9,2.4,0.823,1.9,4.3,6.2,1.3,0.8,0.1,1.1,2.5,11.2
irvinky01,Irving,Kyrie,2014,PG,21,CLE,71,71,35.2,7.5,17.4,0.43,1.7,4.8,0.358,5.8,12.6,0.458,0.48,4.1,4.8,0.861,0.7,2.9,3.6,6.1,1.5,0.3,2.7,2.3,20.8
iveyro01,Ivey,Royal,2014,SG,32,OKC,2,0,2.5,0,1,0,0,0.5,0,0,0.5,0,0,0,0,,0,0.5,0.5,0,0,0,0,0.5,0
jackja01,Jack,Jarrett,2014,PG,30,CLE,80,31,28.2,3.6,8.7,0.41,0.8,2.3,0.341,2.8,6.4,0.435,0.455,1.6,1.9,0.839,0.3,2.5,2.8,4.1,0.7,0.3,1.7,1.7,9.5
jacksre01,Jackson,Reggie,2014,PG,23,OKC,80,36,28.5,5,11.5,0.44,1,3.1,0.339,4,8.4,0.477,0.485,2,2.2,0.893,0.5,3.4,3.9,4.1,1.1,0.1,2.1,1.8,13.1
jacksst02,Jackson,Stephen,2014,SF,35,LAC,9,0,11.9,0.7,2.9,0.231,0.1,1.6,0.071,0.6,1.3,0.417,0.25,0.2,0.4,0.5,0.2,0.9,1.1,0.6,0.7,0.1,0.7,1.2,1.7
jamesbe01,James,Bernard,2014,C,28,DAL,30,0,4.9,0.4,0.8,0.478,0,0,0,0.4,0.7,0.5,0.478,0.2,0.4,0.545,0.5,0.9,1.4,0.1,0.1,0.3,0.3,0.8,0.9
jamesda01,James,Damion,2014,SF,26,SAS,5,1,10,0.4,1.8,0.222,0,0.4,0,0.4,1.4,0.286,0.222,0.4,0.4,1,0.2,2.2,2.4,0.6,0,0.2,0.2,0.6,1.2
jamesle01,James,LeBron,2014,PF,29,MIA,77,77,37.7,10,17.6,0.567,1.5,4,0.379,8.5,13.6,0.622,0.61,5.7,7.6,0.75,1.1,5.9,6.9,6.3,1.6,0.3,3.5,1.6,27.1
jamesmi01,James,Mike,2014,PG,38,CHI,11,0,7,0.5,1.9,0.238,0.1,0.5,0.2,0.4,1.5,0.25,0.262,0,0.2,0,0,0.6,0.6,1.5,0.2,0,0.5,1,1
jamisan01,Jamison,Antawn,2014,PF,37,LAC,22,0,11.3,1.3,4.2,0.315,0.4,1.9,0.195,1,2.3,0.412,0.359,0.8,1.1,0.72,0.4,2.1,2.5,0.3,0.4,0.1,0.3,1.3,3.8
jeffeot01,Jeffers,Othyus,2014,SG,28,TOT,6,1,7.8,0.5,1,0.5,0,0.3,0,0.5,0.7,0.75,0.5,0.5,0.7,0.75,0.2,1.3,1.5,0.2,0,0,0.2,0.5,1.5
jeffeot01,Jeffers,Othyus,2014,SG,28,SAS,4,1,8.5,0.8,1.3,0.6,0,0.3,0,0.8,1,0.75,0.6,0.3,0.5,0.5,0.3,1.3,1.5,0.3,0,0,0,0.5,1.8
jeffeot01,Jeffers,Othyus,2014,SG,28,MIN,2,0,6.5,0,0.5,0,0,0.5,0,0,0,,0,1,1,1,0,1.5,1.5,0,0,0,0.5,0.5,1
jeffeal01,Jefferson,Al,2014,C,29,CHA,73,73,35,9.6,18.8,0.509,0,0.2,0.2,9.5,18.6,0.512,0.51,2.6,3.8,0.69,2.1,8.7,10.8,2.1,0.9,1.1,1.7,2.4,21.8
jefferi01,Jefferson,Richard,2014,SF,33,UTA,82,78,27,3.6,8,0.45,1.5,3.7,0.409,2.1,4.3,0.484,0.544,1.5,2,0.741,0.2,2.5,2.7,1.6,0.7,0.2,1.1,2,10.1
jenkijo01,Jenkins,John,2014,SG,22,ATL,13,0,12.2,1.2,3.2,0.381,0.3,1.4,0.222,0.9,1.8,0.5,0.429,0.3,0.3,1,0.2,1.5,1.7,0.8,0.1,0.1,0.8,0.8,3.1
jennibr01,Jennings,Brandon,2014,PG,24,DET,80,79,34.1,5.3,14.2,0.373,1.9,5.7,0.337,3.4,8.5,0.397,0.441,3,4,0.751,0.7,2.3,3.1,7.6,1.3,0.1,2.7,2,15.5
jerebjo01,Jerebko,Jonas,2014,PF,26,DET,64,0,11.6,1.5,3.3,0.471,0.5,1.2,0.419,1,2.1,0.5,0.546,0.7,0.9,0.729,0.8,1.9,2.7,0.6,0.3,0.1,0.7,1.3,4.2
johnsam01,Johnson,Amir,2014,PF,26,TOR,77,72,28.8,4.5,7.9,0.562,0.3,0.9,0.303,4.2,7.1,0.593,0.578,1.2,1.9,0.636,2.2,4.3,6.6,1.5,0.7,1.1,1.6,3.5,10.4
johnsch04,Johnson,Chris,2014,SF,23,BOS,40,0,19.7,2.1,5.4,0.397,1.1,3.2,0.339,1.1,2.2,0.483,0.498,0.9,1.1,0.86,0.8,1.7,2.4,0.8,0.7,0.1,0.6,1.6,6.3
johnsja01,Johnson,James,2014,SF,26,MEM,52,4,18.4,2.8,5.9,0.464,0.4,1.7,0.253,2.3,4.3,0.548,0.5,1.5,1.7,0.844,1.2,2,3.2,2.1,0.8,1.1,1.3,2,7.4
johnsjo02,Johnson,Joe,2014,SG,32,BRK,79,79,32.6,5.8,12.9,0.454,2.1,5.1,0.401,3.8,7.8,0.489,0.533,2,2.5,0.815,0.6,2.8,3.4,2.7,0.6,0.1,1.5,1.6,15.8
johnsor01,Johnson,Orlando,2014,SG,24,TOT,45,0,8.7,0.8,2.5,0.319,0.2,1,0.191,0.6,1.5,0.409,0.358,0.4,0.6,0.731,0.2,1,1.2,0.4,0.1,0,0.3,0.6,2.2
johnsor01,Johnson,Orlando,2014,SG,24,IND,38,0,9,0.9,2.5,0.344,0.2,1.1,0.195,0.7,1.4,0.455,0.385,0.4,0.6,0.773,0.2,1.2,1.3,0.4,0.2,0,0.4,0.6,2.4
johnsor01,Johnson,Orlando,2014,SG,24,SAC,7,0,7.1,0.4,2.4,0.176,0.1,0.9,0.167,0.3,1.6,0.182,0.206,0.3,0.6,0.5,0.3,0.3,0.6,0.6,0,0.1,0.1,0.4,1.3
johnswe01,Johnson,Wesley,2014,SF,26,LAL,79,62,28.4,3.5,8.2,0.425,1.3,3.4,0.369,2.2,4.8,0.466,0.502,0.8,1,0.792,0.9,3.5,4.4,1.6,1.1,1,1.1,2.6,9.1
johnsda03,Johnson-Odom,Darius,2014,SG,24,PHI,3,0,5,0,2.3,0,0,1,0,0,1.3,0,0,0,0.7,0,0,0.7,0.7,0.3,0.3,0,0.7,1,0
jonesja02,Jones,James,2014,SF,33,MIA,20,6,11.8,1.6,3.4,0.456,1.4,2.7,0.519,0.2,0.7,0.214,0.662,0.4,0.6,0.636,0.1,1.1,1.2,0.5,0.2,0.2,0.2,0.3,4.9
jonespe01,Jones,Perry,2014,PF,22,OKC,62,7,12.3,1.3,2.9,0.459,0.4,1,0.361,1,1.9,0.508,0.519,0.5,0.7,0.667,0.5,1.4,1.8,0.4,0.2,0.3,0.3,1,3.5
jonesso01,Jones,Solomon,2014,PF,29,ORL,11,0,7.7,0.5,1.5,0.353,0,0,,0.5,1.5,0.353,0.353,0.2,0.4,0.5,0.7,0.7,1.5,0.2,0.2,0.2,0.2,1.1,1.3
joneste01,Jones,Terrence,2014,PF,22,HOU,76,71,27.3,5.1,9.4,0.542,0.4,1.3,0.307,4.7,8,0.581,0.564,1.6,2.6,0.605,2.1,4.8,6.9,1.1,0.7,1.3,0.9,1.8,12.1
jordade01,Jordan,DeAndre,2014,C,25,LAC,82,82,35,4.2,6.3,0.676,0,0,,4.2,6.3,0.676,0.676,2,4.6,0.428,4,9.5,13.6,0.9,1,2.5,1.5,3.2,10.4
josepco01,Joseph,Cory,2014,SG,22,SAS,68,19,13.8,1.9,3.9,0.475,0.2,0.6,0.316,1.7,3.3,0.502,0.498,1.2,1.4,0.823,0.5,1.1,1.6,1.7,0.5,0.2,0.6,1.2,5
kamanch01,Kaman,Chris,2014,C,31,LAL,39,13,18.9,4.5,8.9,0.509,0,0.1,0,4.5,8.8,0.513,0.509,1.3,1.7,0.765,1.4,4.5,5.9,1.5,0.3,1,1.9,2.4,10.4
kanteen01,Kanter,Enes,2014,C,21,UTA,80,37,26.7,5.2,10.7,0.491,0,0,0,5.2,10.7,0.492,0.491,1.9,2.6,0.73,2.8,4.7,7.5,0.9,0.4,0.5,1.8,2.9,12.3
karasse01,Karasev,Sergey,2014,SF,20,CLE,22,1,7.1,0.5,1.6,0.343,0.2,0.9,0.211,0.4,0.7,0.5,0.4,0.4,0.5,0.9,0,0.7,0.7,0.3,0.1,0,0.5,1,1.7
kellyry01,Kelly,Ryan,2014,PF,22,LAL,59,25,22.2,2.7,6.3,0.423,0.8,2.4,0.338,1.8,3.9,0.476,0.488,1.9,2.3,0.815,0.7,3,3.7,1.6,0.5,0.8,0.8,2.5,8
kiddgmi01,Kidd-Gilchrist,Michael,2014,SF,20,CHA,62,62,24.2,2.7,5.7,0.473,0,0.1,0.111,2.7,5.5,0.483,0.475,1.8,3,0.614,1.8,3.5,5.2,0.8,0.7,0.6,1,2.3,7.2
kirilan01,Kirilenko,Andrei,2014,PF,32,BRK,45,4,19,1.8,3.6,0.513,0,0.1,0.2,1.8,3.4,0.523,0.516,1.4,2.6,0.513,1.2,2,3.2,1.6,0.9,0.4,1.2,1.4,5
knighbr03,Knight,Brandon,2014,PG,22,MIL,72,69,33.3,6.4,15.2,0.422,1.5,4.7,0.325,4.9,10.5,0.466,0.473,3.6,4.5,0.802,0.6,2.9,3.5,4.9,1,0.2,2.6,2,17.9
korveky01,Korver,Kyle,2014,SG,32,ATL,71,71,33.9,4.1,8.6,0.475,2.6,5.5,0.472,1.5,3.1,0.479,0.626,1.2,1.3,0.926,0.3,3.7,4,2.9,1,0.3,1.4,2.1,12
koufoko01,Koufos,Kosta,2014,C,24,MEM,80,22,16.9,2.8,5.7,0.495,0,0,,2.8,5.7,0.495,0.495,0.8,1.2,0.645,2,3.2,5.2,0.5,0.4,0.9,0.8,2.3,6.4
kravtvi01,Kravtsov,Viacheslav,2014,C,26,PHO,20,0,3,0.4,0.8,0.533,0,0,,0.4,0.8,0.533,0.533,0.2,0.4,0.5,0.5,0.4,0.9,0.1,0,0.1,0.3,0.4,1
kuzmiog01,Kuzmić,Ognjen,2014,C,23,GSW,21,0,4.4,0.2,0.6,0.385,0,0,,0.2,0.6,0.385,0.385,0.2,0.5,0.455,0.5,0.5,1,0.1,0.1,0.2,0.5,0.8,0.7
lambdo01,Lamb,Doron,2014,SG,22,ORL,53,0,13.1,1.2,3,0.394,0.7,1.7,0.4,0.5,1.3,0.386,0.506,0.5,0.7,0.806,0.2,0.8,0.9,0.8,0.2,0,0.5,1,3.6
lambje01,Lamb,Jeremy,2014,SG,21,OKC,78,0,19.7,3.4,7.8,0.432,1.1,3.2,0.356,2.2,4.6,0.483,0.504,0.7,0.8,0.797,0.3,2.1,2.4,1.5,0.7,0.3,0.8,1.8,8.5
landrca01,Landry,Carl,2014,PF,30,SAC,18,1,12.9,1.7,3.3,0.517,0,0,,1.7,3.3,0.517,0.517,0.8,0.9,0.824,0.8,2.3,3.2,0.3,0.2,0.1,0.5,1.9,4.2
larkish01,Larkin,Shane,2014,PG,21,DAL,48,0,10.2,1.1,2.9,0.38,0.3,0.8,0.316,0.8,2.1,0.404,0.423,0.3,0.5,0.64,0.2,0.6,0.9,1.5,0.5,0,0.8,1,2.8
lawsoty01,Lawson,Ty,2014,PG,26,DEN,62,61,35.8,5.6,13,0.431,1.2,3.3,0.356,4.4,9.7,0.455,0.475,5.2,6.5,0.798,0.6,2.8,3.5,8.8,1.6,0.2,3.2,1.8,17.6
ledori01,Ledo,Ricky,2014,SG,21,DAL,11,0,3,0.5,1.5,0.353,0.3,0.7,0.375,0.3,0.8,0.333,0.441,0.4,0.4,1,0,0.2,0.2,0.2,0.1,0,0.2,0.2,1.7
leeco01,Lee,Courtney,2014,SG,28,TOT,79,47,25,3.7,7.8,0.48,0.9,2.5,0.371,2.8,5.3,0.531,0.539,1.3,1.4,0.884,0.4,2,2.4,1.5,0.8,0.4,0.9,1.6,9.6
leeco01,Lee,Courtney,2014,SG,28,BOS,30,0,16.8,3,6.1,0.492,0.8,1.7,0.442,2.2,4.4,0.511,0.555,0.6,0.7,0.818,0.3,1.4,1.6,1.1,0.7,0.3,0.8,1.2,7.4
leeco01,Lee,Courtney,2014,SG,28,MEM,49,47,30,4.2,8.8,0.476,1,2.9,0.345,3.2,5.9,0.54,0.532,1.7,1.8,0.9,0.4,2.4,2.8,1.7,0.9,0.4,1,1.8,11
leeda02,Lee,David,2014,PF,30,GSW,69,67,33.2,7.4,14.2,0.523,0,0,0,7.4,14.2,0.523,0.523,3.3,4.3,0.78,2.6,6.7,9.3,2.1,0.7,0.4,2.2,3,18.2
lenal01,Len,Alex,2014,C,20,PHO,42,3,8.6,0.8,1.9,0.423,0,0,,0.8,1.9,0.423,0.423,0.5,0.7,0.645,0.9,1.4,2.4,0.1,0.1,0.4,0.6,1.6,2
leonaka01,Leonard,Kawhi,2014,SF,22,SAS,66,65,29.1,5.1,9.8,0.522,1,2.8,0.379,4.1,7,0.579,0.576,1.5,1.9,0.802,1.2,5.1,6.2,2,1.7,0.8,1.2,1.9,12.8
leoname01,Leonard,Meyers,2014,C,21,POR,40,0,8.9,1,2.3,0.451,0,0.2,0,1,2.1,0.482,0.451,0.4,0.5,0.762,0.7,2.1,2.8,0.5,0.2,0.1,0.4,1.9,2.5
leuerjo01,Leuer,Jon,2014,PF,24,MEM,49,0,13.1,2.5,5,0.492,0.5,1,0.469,2,4,0.497,0.539,0.8,1,0.787,0.8,2.5,3.2,0.4,0.4,0.3,0.6,1.3,6.2
lewisra02,Lewis,Rashard,2014,SF,34,MIA,60,6,16.2,1.6,3.9,0.415,0.8,2.2,0.343,0.9,1.7,0.51,0.513,0.4,0.6,0.788,0.4,1.4,1.8,1,0.9,0.1,0.6,1.5,4.5
liggide01,Liggins,DeAndre,2014,SG,25,MIA,1,0,1,1,1,1,0,0,,1,1,1,1,0,0,,1,0,1,0,0,0,0,0,2
lillada01,Lillard,Damian,2014,PG,23,POR,82,82,35.8,6.7,15.9,0.424,2.7,6.8,0.394,4.1,9.1,0.447,0.508,4.5,5.2,0.871,0.4,3.1,3.5,5.6,0.8,0.3,2.4,2.4,20.7
linje01,Lin,Jeremy,2014,PG,25,HOU,71,33,28.9,4.2,9.3,0.446,1.2,3.2,0.358,3,6.1,0.492,0.508,3.1,3.7,0.823,0.5,2.2,2.6,4.1,1,0.4,2.5,2.3,12.5
livinsh01,Livingston,Shaun,2014,PG,28,BRK,76,54,26,3.1,6.4,0.483,0,0.1,0.167,3.1,6.3,0.486,0.484,2.1,2.5,0.827,0.9,2.4,3.2,3.2,1.2,0.4,1.4,2.3,8.3
lopezbr01,Lopez,Brook,2014,C,25,BRK,17,17,31.4,7.6,13.5,0.563,0,0.1,0,7.6,13.4,0.566,0.563,5.5,6.8,0.817,2.3,3.7,6,0.9,0.5,1.8,1.6,3.1,20.7
lopezro01,Lopez,Robin,2014,C,25,POR,82,82,31.7,4.3,7.9,0.551,0,0,0,4.3,7.8,0.552,0.551,2.4,3,0.818,4,4.6,8.5,0.9,0.3,1.7,1,2.4,11.1
loveke01,Love,Kevin,2014,PF,25,MIN,77,77,36.3,8.4,18.5,0.457,2.5,6.6,0.376,6,11.9,0.502,0.524,6.8,8.2,0.821,2.9,9.6,12.5,4.4,0.8,0.5,2.5,1.8,26.1
lowryky01,Lowry,Kyle,2014,PG,27,TOR,79,79,36.2,5.8,13.7,0.423,2.4,6.3,0.38,3.4,7.3,0.46,0.511,4,4.9,0.813,1.1,3.6,4.7,7.4,1.5,0.2,2.5,3.4,17.9
lucasjo02,Lucas III,John,2014,PG,31,UTA,42,6,14.1,1.5,4.5,0.326,0.6,2,0.298,0.9,2.5,0.349,0.392,0.2,0.4,0.625,0.3,0.6,0.9,1,0.3,0,0.5,1,3.8
macksh01,Mack,Shelvin,2014,PG,23,ATL,73,11,20.4,2.9,6.9,0.417,0.8,2.5,0.337,2,4.3,0.464,0.479,0.9,1,0.865,0.3,1.9,2.2,3.7,0.7,0,1.2,1.4,7.5
mahinia01,Mahinmi,Ian,2014,C,27,IND,77,1,16.2,1.2,2.5,0.481,0,0,0,1.2,2.4,0.484,0.481,1.2,1.9,0.621,1.4,1.9,3.3,0.3,0.5,0.9,0.8,2.7,3.5
mariosh01,Marion,Shawn,2014,SF,35,DAL,76,76,31.7,4.5,9.3,0.482,0.8,2.1,0.358,3.7,7.2,0.518,0.523,0.7,0.9,0.785,1.7,4.8,6.5,1.6,1.2,0.5,1.3,1.6,10.4
marshke01,Marshall,Kendall,2014,PG,22,LAL,54,45,29,3.1,7.8,0.406,1.3,3.3,0.399,1.8,4.5,0.411,0.49,0.4,0.7,0.528,0.3,2.6,2.9,8.8,0.9,0.1,2.8,1.4,8
martica01,Martin,Cartier,2014,SF,29,TOT,59,6,14.7,1.9,4.5,0.42,1,2.6,0.391,0.9,1.9,0.46,0.532,0.8,1.1,0.738,0.2,1.6,1.9,0.6,0.5,0.1,0.6,1.2,5.6
martica01,Martin,Cartier,2014,SF,29,ATL,53,6,15.5,2,4.8,0.414,1.1,2.8,0.384,0.9,2.1,0.455,0.523,0.9,1.2,0.754,0.2,1.8,2,0.6,0.5,0.1,0.6,1.3,5.9
martica01,Martin,Cartier,2014,SF,29,CHI,6,0,8,0.8,1.3,0.625,0.5,0.8,0.6,0.3,0.5,0.667,0.813,0.3,0.7,0.5,0.2,0.7,0.8,0.3,0.2,0,0.2,0.5,2.5
martike01,Martin,Kenyon,2014,PF,36,NYK,32,15,19.8,2,3.8,0.512,0,0,0,2,3.8,0.516,0.512,0.3,0.6,0.579,1.1,3.1,4.2,1.6,0.8,0.8,0.8,2.7,4.3
martike02,Martin,Kevin,2014,SG,30,MIN,68,68,32,6.5,15,0.43,1.7,4.4,0.387,4.8,10.7,0.448,0.486,4.5,5,0.891,0.5,2.5,3,1.8,1,0.1,1.6,1.8,19.1
masonro01,Mason,Roger,2014,SG,33,MIA,25,2,10.4,1,2.7,0.373,0.7,1.9,0.354,0.3,0.8,0.421,0.5,0.3,0.3,1,0,0.8,0.9,0.8,0.2,0,0.4,1,3
matthwe02,Matthews,Wesley,2014,SG,27,POR,82,82,33.9,5.4,12.3,0.441,2.5,6.2,0.393,3,6.1,0.49,0.541,3.1,3.7,0.837,0.6,2.9,3.5,2.4,0.9,0.2,1.3,2.1,16.4
maxieja01,Maxiell,Jason,2014,PF,30,ORL,34,13,14.4,1.4,3.1,0.448,0,0,,1.4,3.1,0.448,0.448,0.4,0.9,0.484,0.8,1.7,2.5,0.3,0.2,0.6,0.4,1.4,3.2
maynoer01,Maynor,Eric,2014,PG,26,TOT,31,0,10.5,1,3.3,0.317,0.4,1.2,0.324,0.6,2.1,0.313,0.376,0.2,0.4,0.545,0.3,1,1.3,1.7,0.3,0.1,0.9,0.5,2.6
maynoer01,Maynor,Eric,2014,PG,26,WAS,23,0,9.3,0.9,3.1,0.292,0.3,1.1,0.32,0.6,2,0.277,0.347,0.1,0.1,0.667,0.3,0.7,1,1.7,0.2,0,0.7,0.6,2.3
maynoer01,Maynor,Eric,2014,PG,26,PHI,8,0,14,1.4,3.6,0.379,0.5,1.5,0.333,0.9,2.1,0.412,0.448,0.5,1,0.5,0.3,1.6,1.9,1.5,0.5,0.3,1.5,0.5,3.8
mayooj01,Mayo,O.J.,2014,SG,26,MIL,52,23,25.9,4.3,10.6,0.407,1.6,4.4,0.37,2.7,6.2,0.433,0.484,1.5,1.7,0.864,0.5,1.9,2.4,2.2,0.5,0.3,1.8,2.1,11.7
mbahalu01,Mbah-a-Moute,Luc,2014,PF-SF,27,TOT,64,7,15.7,1.4,3,0.451,0.1,0.3,0.235,1.3,2.8,0.472,0.461,0.7,1,0.687,0.9,1.4,2.3,0.6,0.5,0.2,0.6,1.1,3.5
mbahalu01,Mbah-a-Moute,Luc,2014,SF,27,SAC,9,5,21.8,1.7,3.6,0.469,0.1,0.3,0.333,1.6,3.2,0.483,0.484,1,1.4,0.692,1,2,3,1.7,1,0.6,0.4,2,4.4
mbahalu01,Mbah-a-Moute,Luc,2014,PF,27,MIN,55,2,14.7,1.3,2.9,0.447,0.1,0.3,0.214,1.3,2.7,0.469,0.457,0.7,1,0.685,0.9,1.3,2.2,0.4,0.4,0.2,0.7,0.9,3.3
mccalra01,McCallum,Ray,2014,PG,22,SAC,45,10,19.9,2.5,6.7,0.377,0.5,1.3,0.373,2,5.4,0.378,0.413,0.7,1,0.744,0.4,1.4,1.8,2.7,0.5,0.2,0.9,1.5,6.2
mccolcj01,McCollum,CJ,2014,SG,22,POR,38,0,12.5,1.9,4.7,0.416,0.8,2.1,0.375,1.2,2.6,0.449,0.5,0.6,0.9,0.676,0.2,1.1,1.3,0.7,0.4,0.1,0.9,1.4,5.3
mcgeeja01,McGee,JaVale,2014,C,26,DEN,5,5,15.8,3.4,7.6,0.447,0,0,,3.4,7.6,0.447,0.447,0.2,0.2,1,2,1.4,3.4,0.4,0.2,1.4,1.6,3.2,7
mclembe01,McLemore,Ben,2014,SG,20,SAC,82,55,26.7,3.1,8.3,0.376,1.2,3.6,0.32,2,4.7,0.419,0.446,1.4,1.7,0.804,0.6,2.2,2.9,1,0.5,0.2,1.2,2.5,8.8
mcrobjo01,McRoberts,Josh,2014,PF,26,CHA,78,78,30.3,3.2,7.3,0.436,1.3,3.7,0.361,1.8,3.5,0.516,0.529,0.8,1.1,0.729,1.1,3.7,4.8,4.3,0.7,0.6,1.1,2.4,8.5
meeksjo01,Meeks,Jodie,2014,SG,26,LAL,77,70,33.2,5.4,11.6,0.463,2.1,5.2,0.401,3.3,6.3,0.514,0.554,2.9,3.4,0.857,0.4,2.1,2.5,1.8,1.4,0.1,1.4,1.5,15.7
mekelga01,Mekel,Gal,2014,PG,25,DAL,31,1,9.4,1,2.8,0.349,0.2,0.6,0.25,0.8,2.1,0.379,0.378,0.3,0.4,0.667,0.2,0.7,0.9,2,0.1,0,1,1,2.4
middlkh01,Middleton,Khris,2014,SF,22,MIL,82,64,30,4.6,10.4,0.44,1.5,3.5,0.414,3.1,6.9,0.454,0.511,1.4,1.7,0.861,0.7,3,3.8,2.1,1,0.2,1.5,3,12.1
milescj01,Miles,C.J.,2014,SG,26,CLE,51,34,19.3,3.5,8,0.435,1.6,4.1,0.393,1.9,3.9,0.48,0.537,1.3,1.5,0.853,0.4,1.7,2,1,0.9,0.3,0.9,2,9.9
millean02,Miller,Andre,2014,SG,37,TOT,58,2,16.9,1.8,4,0.459,0.2,0.4,0.524,1.6,3.6,0.452,0.483,1,1.3,0.779,0.5,1.8,2.2,3.4,0.6,0.2,1.1,1.3,4.9
millean02,Miller,Andre,2014,SG,37,DEN,30,2,19,2.2,4.8,0.458,0.3,0.6,0.5,1.9,4.2,0.452,0.49,1.2,1.6,0.745,0.5,1.9,2.4,3.3,0.5,0.2,1.1,1.1,5.9
millean02,Miller,Andre,2014,SG,37,WAS,28,0,14.7,1.4,3.1,0.46,0.1,0.1,0.667,1.4,3,0.452,0.471,0.9,1.1,0.833,0.4,1.6,2,3.5,0.7,0.1,1,1.5,3.8
milleda01,Miller,Darius,2014,SF,23,NOP,45,7,16.1,1.6,3.7,0.44,0.6,1.7,0.325,1.1,2,0.539,0.515,0.6,0.8,0.806,0.2,1,1.2,1,0.5,0.2,0.5,2,4.4
millemi01,Miller,Mike,2014,SF,33,MEM,82,4,20.8,2.6,5.4,0.481,1.3,2.8,0.459,1.3,2.6,0.505,0.602,0.6,0.7,0.821,0.4,2.2,2.5,1.6,0.3,0.1,0.9,1.2,7.1
millequ01,Miller,Quincy,2014,PF,21,DEN,52,16,15.2,1.8,4.9,0.367,0.6,1.8,0.319,1.2,3.1,0.395,0.426,0.8,1.1,0.709,0.7,2.1,2.8,0.5,0.4,0.6,0.9,1.3,4.9
millspa02,Mills,Patty,2014,PG,25,SAS,81,2,18.9,3.8,8.2,0.464,1.7,3.9,0.425,2.1,4.3,0.5,0.565,0.9,1,0.89,0.4,1.7,2.1,1.8,0.8,0.1,0.8,1.4,10.2
millspa01,Millsap,Paul,2014,PF,28,ATL,74,73,33.5,6.5,14.1,0.461,1,2.9,0.358,5.5,11.3,0.487,0.498,3.9,5.3,0.731,2.1,6.4,8.5,3.1,1.7,1.1,2.5,2.8,17.9
mitchto02,Mitchell,Tony,2014,PF,21,DET,21,0,3.8,0.2,0.6,0.417,0,0,1,0.2,0.5,0.364,0.458,0.5,0.9,0.579,0.7,0.5,1.2,0.1,0.3,0.1,0.2,0.4,1
mitchto03,Mitchell,Tony,2014,SF,24,MIL,3,0,3.3,1,1.7,0.6,0,0.3,0,1,1.3,0.75,0.6,0,0,,0.3,0,0.3,0.3,0.3,0,0,0,2
mohamna01,Mohammed,Nazr,2014,C,36,CHI,80,1,7,0.7,1.6,0.429,0,0,,0.7,1.6,0.429,0.429,0.2,0.4,0.533,0.8,1.4,2.2,0.3,0.2,0.4,0.5,1,1.6
monrogr01,Monroe,Greg,2014,PF,23,DET,82,82,32.8,6.1,12.4,0.497,0,0,0,6.1,12.4,0.497,0.497,2.9,4.5,0.657,3.1,6.1,9.3,2.1,1.1,0.6,2,2.5,15.2
mooreet01,Moore,E'Twaun,2014,SG,24,ORL,79,3,19.1,2.5,5.8,0.428,0.7,2,0.354,1.7,3.7,0.468,0.49,0.7,0.9,0.765,0.4,1.4,1.7,1.4,0.8,0.2,0.7,1.3,6.3
morrida01,Morris,Darius,2014,PG,23,TOT,27,0,11.6,1.4,3.6,0.406,0.4,1.4,0.316,1,2.1,0.466,0.469,0.6,1,0.654,0.3,0.7,1,1.6,0.5,0,1,1.2,4
morrida01,Morris,Darius,2014,PG,23,PHI,12,0,16.1,2.4,5.6,0.433,0.8,2,0.417,1.6,3.6,0.442,0.507,1.3,1.8,0.714,0.3,0.8,1.1,2.6,0.7,0,1.6,1.8,6.9
morrida01,Morris,Darius,2014,PG,23,LAC,10,0,5.4,0.4,1.3,0.308,0,0.7,0,0.4,0.6,0.667,0.308,0.1,0.2,0.5,0,0.5,0.5,0.5,0.2,0,0.2,0.9,0.9
morrida01,Morris,Darius,2014,PG,23,MEM,5,0,13.2,1.2,3.2,0.375,0.4,1.4,0.286,0.8,1.8,0.444,0.438,0.2,0.6,0.333,0.8,0.8,1.6,1.6,0.6,0,1.2,0.6,3
morrima03,Morris,Marcus,2014,SF,24,PHO,82,1,22,3.5,7.9,0.442,1.2,3.2,0.381,2.3,4.8,0.483,0.518,1.5,1.9,0.761,1,2.9,3.9,1.1,0.9,0.2,1.2,1.9,9.7
morrima02,Morris,Markieff,2014,PF,24,PHO,81,0,26.6,5.1,10.4,0.486,0.4,1.3,0.315,4.7,9.1,0.512,0.507,3.2,4,0.792,1.7,4.3,6,1.8,0.8,0.6,1.8,2.9,13.8
morroan01,Morrow,Anthony,2014,SG,28,NOP,76,9,18.8,3.1,6.8,0.458,1.2,2.6,0.451,2,4.3,0.462,0.542,0.9,1.1,0.828,0.4,1.5,1.8,0.8,0.5,0.2,0.7,1.3,8.4
motiedo01,Motiejūnas,Donatas,2014,PF,23,HOU,62,3,15.4,2.1,4.8,0.443,0.3,1.4,0.25,1.8,3.4,0.519,0.478,0.9,1.5,0.604,1,2.7,3.6,0.5,0.3,0.3,0.8,2.1,5.5
moultar01,Moultrie,Arnett,2014,PF,23,PHI,12,2,15.6,1.3,3.2,0.421,0,0,,1.3,3.2,0.421,0.421,0.3,0.4,0.8,0.9,2,2.9,0.2,0.7,0.3,0.6,1.8,3
mozgoti01,Mozgov,Timofey,2014,C,27,DEN,82,30,21.6,3.5,6.6,0.523,0,0.3,0.167,3.4,6.4,0.539,0.527,2.4,3.2,0.754,2.1,4.4,6.4,0.8,0.3,1.2,1.5,2.6,9.4
muhamsh01,Muhammad,Shabazz,2014,SG,21,MIN,37,0,7.8,1.5,3.4,0.46,0.1,0.3,0.273,1.5,3.1,0.478,0.472,0.7,1.1,0.65,0.6,0.8,1.4,0.2,0.2,0,0.4,0.6,3.9
mulleby01,Mullens,Byron,2014,C,24,TOT,45,0,9.2,1.6,3.7,0.442,0.7,2,0.371,0.9,1.7,0.526,0.542,0.2,0.4,0.5,0.5,1.5,2,0.3,0.3,0.2,0.6,1.4,4.2
mulleby01,Mullens,Byron,2014,C,24,LAC,27,0,6.2,1,2.4,0.406,0.5,1.4,0.333,0.5,0.9,0.52,0.508,0.1,0.2,0.333,0.3,0.9,1.2,0.2,0.2,0.1,0.5,1.2,2.5
mulleby01,Mullens,Byron,2014,C,24,PHI,18,0,13.7,2.6,5.6,0.465,1.1,2.8,0.4,1.5,2.8,0.529,0.564,0.4,0.8,0.571,0.9,2.4,3.3,0.4,0.5,0.4,0.8,1.7,6.8
murpher01,Murphy,Erik,2014,C,23,CHI,24,0,2.6,0.1,0.5,0.231,0,0.1,0,0.1,0.4,0.3,0.231,0,0,,0.1,0.3,0.3,0.1,0,0.2,0.1,0.3,0.3
murryto01,Murry,Toure',2014,PG,24,NYK,51,0,7.3,1.1,2.5,0.434,0.1,0.2,0.417,1,2.3,0.436,0.453,0.5,0.8,0.59,0.3,0.6,0.9,1,0.4,0,0.7,0.9,2.7
muscami01,Muscala,Mike,2014,PF,22,ATL,20,0,10.8,1.6,3.7,0.425,0,0.2,0,1.6,3.5,0.443,0.425,0.7,0.7,1,0.9,1.8,2.6,0.4,0.2,0.5,0.6,1.5,3.8
ndiayha01,N'Diaye,Hamady,2014,C,27,SAC,14,0,5.3,0.2,0.6,0.333,0,0,,0.2,0.6,0.333,0.333,0,0.1,0,0.4,0.9,1.3,0.2,0,0.3,0.2,1.1,0.4
nashst01,Nash*,Steve,2014,PG,39,LAL,15,10,20.9,2.4,6.3,0.383,0.5,1.6,0.333,1.9,4.7,0.4,0.426,1.5,1.6,0.917,0.3,1.7,1.9,5.7,0.5,0.1,2.1,1.2,6.8
nealga01,Neal,Gary,2014,SG,29,TOT,52,3,21.4,3.7,9.1,0.41,1.3,3.5,0.378,2.4,5.6,0.43,0.482,1.8,2,0.895,0.2,1.5,1.7,1.6,0.3,0,1.2,1.3,10.5
nealga01,Neal,Gary,2014,SG,29,MIL,30,2,20.2,3.6,9.2,0.39,1.3,3.7,0.36,2.3,5.5,0.41,0.462,1.5,1.8,0.833,0.3,1.4,1.7,1.5,0.2,0,1.3,0.9,10
nealga01,Neal,Gary,2014,SG,29,CHA,22,1,23,3.9,8.8,0.438,1.3,3.1,0.406,2.6,5.7,0.456,0.51,2.2,2.3,0.961,0.1,1.7,1.8,1.7,0.5,0,1.1,1.8,11.2
nedovne01,Nedović,Nemanja,2014,SG,22,GSW,24,0,5.9,0.3,1.6,0.205,0.1,0.8,0.167,0.2,0.9,0.238,0.244,0.3,0.3,0.875,0.1,0.5,0.6,0.5,0,0,0.5,0.5,1.1
nelsoja01,Nelson,Jameer,2014,PG,31,ORL,68,68,32,4.3,11,0.394,2,5.8,0.348,2.3,5.2,0.444,0.485,1.4,1.6,0.857,0.4,3,3.4,7,0.8,0.1,2.4,2.1,12.1
nichoan01,Nicholson,Andrew,2014,PF,24,ORL,76,5,15.4,2.4,5.5,0.429,0.4,1.2,0.315,2,4.4,0.459,0.462,0.6,0.8,0.825,0.7,2.7,3.4,0.3,0.2,0.3,0.7,2,5.7
noahjo01,Noah,Joakim,2014,C,28,CHI,80,80,35.3,4.8,10,0.475,0,0,0,4.8,10,0.476,0.475,3.1,4.2,0.737,3.5,7.7,11.3,5.4,1.2,1.5,2.4,3.1,12.6
novakst01,Novak,Steve,2014,PF,30,TOR,54,1,10,1.1,2.7,0.411,1,2.3,0.426,0.1,0.4,0.333,0.589,0.1,0.1,1,0.1,0.9,1.1,0.2,0.2,0.1,0.1,0.8,3.3
nowitdi01,Nowitzki,Dirk,2014,PF,35,DAL,80,80,32.9,7.9,15.9,0.497,1.6,4.1,0.398,6.3,11.8,0.532,0.549,4.2,4.7,0.899,0.5,5.7,6.2,2.7,0.9,0.6,1.5,2.1,21.7
nunnaja01,Nunnally,James,2014,SF,23,TOT,13,0,12.7,1.2,3.5,0.326,0.6,1.9,0.32,0.5,1.6,0.333,0.413,0.5,0.7,0.667,0.1,1.4,1.5,0.6,0.5,0.2,0.5,0.8,3.4
nunnaja01,Nunnally,James,2014,SF,23,ATL,4,0,13.5,1.5,4.5,0.333,0.8,2.5,0.3,0.8,2,0.375,0.417,0.8,1,0.75,0.3,1.8,2,0.5,0.3,0.3,1,0.5,4.5
nunnaja01,Nunnally,James,2014,SF,23,PHI,9,0,12.3,1,3.1,0.321,0.6,1.7,0.333,0.4,1.4,0.308,0.411,0.3,0.6,0.6,0,1.2,1.2,0.7,0.6,0.1,0.3,1,2.9
onealje01,O'Neal,Jermaine,2014,PF,35,GSW,44,13,20.1,2.8,5.6,0.504,0,0,,2.8,5.6,0.504,0.504,2.3,3,0.75,1.9,3.6,5.5,0.6,0.3,0.9,1.2,2.3,7.9
oquinky01,O'Quinn,Kyle,2014,C,23,ORL,69,19,17.2,2.7,5.4,0.501,0,0,0,2.7,5.3,0.505,0.501,0.8,1.2,0.687,1.4,3.8,5.3,1.1,0.6,1.3,1.1,2.4,6.2
odengr01,Oden,Greg,2014,C,26,MIA,23,6,9.2,1.2,2.1,0.551,0,0,,1.2,2.1,0.551,0.551,0.6,1,0.565,1,1.3,2.3,0,0.3,0.6,0.5,2.3,2.9
oladivi01,Oladipo,Victor,2014,PG,21,ORL,80,44,31.1,4.9,11.7,0.419,0.9,2.8,0.327,4,8.9,0.448,0.458,3.1,4,0.78,0.5,3.6,4.1,4.1,1.6,0.5,3.2,2.6,13.8
olynyke01,Olynyk,Kelly,2014,C,22,BOS,70,9,20,3.3,7.2,0.466,0.6,1.6,0.351,2.8,5.5,0.5,0.506,1.4,1.7,0.811,2,3.2,5.2,1.6,0.5,0.4,1.5,3.2,8.7
onuakar01,Onuaku,Arinze,2014,PF,26,TOT,5,0,6,0.2,1,0.2,0,0,,0.2,1,0.2,0.2,0.2,0.4,0.5,0.4,1.2,1.6,0.6,0,0,0.2,0.6,0.6
onuakar01,Onuaku,Arinze,2014,PF,26,NOP,3,0,8.3,0.3,1.3,0.25,0,0,,0.3,1.3,0.25,0.25,0.3,0.7,0.5,0.7,1.7,2.3,1,0,0,0.3,1,1
onuakar01,Onuaku,Arinze,2014,PF,26,CLE,2,0,2.5,0,0.5,0,0,0,,0,0.5,0,0,0,0,,0,0.5,0.5,0,0,0,0,0,0
ortonda01,Orton,Daniel,2014,C,23,PHI,22,4,11.4,1,2.1,0.447,0,0,,1,2.1,0.447,0.447,1,1.4,0.767,0.7,2,2.8,0.7,0.3,0.7,0.8,1.7,3
outlatr01,Outlaw,Travis,2014,SF,29,SAC,63,4,16.9,2.1,5.2,0.399,0.7,1.9,0.35,1.4,3.3,0.426,0.462,0.7,0.8,0.808,0.6,2.1,2.7,0.8,0.3,0.3,0.4,1.5,5.4
pachuza01,Pachulia,Zaza,2014,C,29,MIL,53,43,25,2.8,6.6,0.427,0,0,0,2.8,6.6,0.428,0.427,2.1,2.5,0.846,2.7,3.6,6.3,2.6,0.8,0.3,1.7,2.3,7.7
pargoja01,Pargo,Jannero,2014,PG,34,CHA,29,0,8.3,1.8,4.1,0.441,0.8,2.1,0.4,1,2,0.483,0.542,0.3,0.4,0.727,0,0.7,0.7,1.8,0.5,0,0.9,0.6,4.7
parketo01,Parker,Tony,2014,PG,31,SAS,68,68,29.4,6.7,13.4,0.499,0.4,1,0.373,6.3,12.5,0.509,0.513,2.9,3.6,0.811,0.3,2,2.3,5.7,0.5,0.1,2.2,1.3,16.7
parsoch01,Parsons,Chandler,2014,SF,25,HOU,74,74,37.6,6.3,13.3,0.472,1.8,4.7,0.37,4.5,8.6,0.528,0.538,2.2,3,0.742,0.9,4.6,5.5,4,1.2,0.4,1.9,2.3,16.6
pattepa01,Patterson,Patrick,2014,PF,24,TOT,65,13,23.6,3.5,7.5,0.46,0.8,2.3,0.364,2.6,5.2,0.503,0.516,0.8,1.1,0.704,1.8,3.5,5.3,1.2,0.8,0.6,1,2.4,8.5
pattepa01,Patterson,Patrick,2014,PF,24,SAC,17,6,24.4,2.9,7.2,0.41,0.5,2.3,0.231,2.4,4.9,0.494,0.447,0.5,0.9,0.563,2,3.8,5.8,0.9,0.8,0.2,0.9,2.3,6.9
pattepa01,Patterson,Patrick,2014,PF,24,TOR,48,7,23.3,3.6,7.6,0.477,1,2.3,0.411,2.7,5.3,0.506,0.54,0.9,1.1,0.745,1.7,3.3,5.1,1.3,0.9,0.7,1,2.5,9.1
paulch01,Paul,Chris,2014,PG,28,LAC,62,62,35,6.5,14,0.467,1.3,3.4,0.368,5.3,10.6,0.498,0.511,4.8,5.6,0.855,0.6,3.7,4.3,10.7,2.5,0.1,2.3,2.5,19.1
pekovni01,Peković,Nikola,2014,C,28,MIN,54,54,30.8,7,13,0.541,0,0,,7,13,0.541,0.541,3.4,4.6,0.747,3.8,4.9,8.7,0.9,0.6,0.4,1.6,2.4,17.5
perkike01,Perkins,Kendrick,2014,C,29,OKC,62,62,19.5,1.4,3.1,0.451,0,0,0,1.4,3.1,0.453,0.451,0.6,1.1,0.552,1.3,3.6,4.9,1.1,0.4,0.5,1.5,2.9,3.4
piercpa01,Pierce,Paul,2014,SF,36,BRK,75,68,28,4.3,9.5,0.451,1.5,4,0.373,2.8,5.5,0.507,0.529,3.4,4.1,0.826,0.3,4.3,4.6,2.4,1.1,0.4,2,2.5,13.5
pittmde01,Pittman,Dexter,2014,C,25,ATL,2,0,1.5,0,0.5,0,0,0,,0,0.5,0,0,0,1,0,1.5,0,1.5,0,0,0,0,0,0
plumlma01,Plumlee,Mason,2014,C,23,BRK,70,22,18.2,2.8,4.3,0.659,0,0,0,2.8,4.3,0.666,0.659,1.7,2.8,0.626,1.4,3,4.4,0.9,0.7,0.8,1.1,2.4,7.4
plumlmi01,Plumlee,Miles,2014,C,25,PHO,80,79,24.6,3.6,6.9,0.517,0,0,,3.6,6.9,0.517,0.517,0.9,1.7,0.561,2.5,5.4,7.8,0.5,0.6,1.1,1.4,2.3,8.1
pondequ01,Pondexter,Quincy,2014,SG,25,MEM,15,2,18,2.1,5.3,0.392,0.7,2.3,0.324,1.3,3,0.444,0.462,1.4,1.7,0.808,0.7,1.1,1.7,1.3,0.3,0.1,1,1.2,6.3
porteot01,Porter,Otto,2014,SF,20,WAS,37,0,8.6,0.9,2.5,0.363,0.1,0.6,0.19,0.8,1.9,0.414,0.385,0.2,0.3,0.667,0.6,1,1.5,0.3,0.2,0,0.4,0.7,2.1
poweljo01,Powell,Josh,2014,PF,31,HOU,1,0,19,2,6,0.333,0,0,,2,6,0.333,0.333,0,0,,0,5,5,0,0,1,1,1,4
pressph01,Pressey,Phil,2014,PG,22,BOS,75,11,15.1,1,3.4,0.308,0.4,1.4,0.264,0.7,2,0.34,0.364,0.4,0.6,0.644,0.3,1.1,1.4,3.2,0.9,0.1,1.2,1.3,2.8
priceaj01,Price,A.J.,2014,SG,27,MIN,28,0,3.5,0.7,1.6,0.413,0.2,0.8,0.273,0.5,0.9,0.542,0.478,0,0.1,0,0,0.3,0.4,0.5,0,0,0.3,0.2,1.6
pricero01,Price,Ronnie,2014,SG,30,ORL,31,2,12.2,0.9,3,0.304,0.3,1.4,0.209,0.6,1.6,0.388,0.353,0.3,0.4,0.692,0.3,1.1,1.4,2.1,0.8,0.1,0.8,1.6,2.4
prigipa01,Prigioni,Pablo,2014,PG,36,NYK,66,27,19.4,1.3,2.9,0.461,1,2.1,0.464,0.3,0.8,0.451,0.631,0.2,0.2,0.917,0.5,1.4,2,3.5,1,0,0.9,2,3.8
princta01,Prince,Tayshaun,2014,SF,33,MEM,76,76,25.6,2.6,6.5,0.407,0.3,0.9,0.29,2.4,5.6,0.426,0.427,0.4,0.8,0.567,0.4,2.7,3.1,1.6,0.5,0.3,0.5,0.8,6
radulmi01,Raduljica,Miroslav,2014,C,26,MIL,48,2,9.7,1.4,2.6,0.54,0,0,,1.4,2.6,0.54,0.54,0.9,1.1,0.818,1.1,1.1,2.3,0.5,0.1,0.3,0.6,1.8,3.8
randoan01,Randolph,Anthony,2014,PF,24,DEN,43,5,12.3,1.6,4.1,0.386,0.4,1.4,0.295,1.2,2.7,0.435,0.438,1.2,1.6,0.754,0.5,2.4,2.8,0.7,0.6,0.4,0.9,1.5,4.8
randosh01,Randolph,Shavlik,2014,PF,30,PHO,14,0,6.8,0.5,1,0.5,0,0,,0.5,1,0.5,0.5,0.4,0.8,0.545,0.5,1.3,1.8,0.1,0.2,0.1,0.4,1.1,1.4
randoza01,Randolph,Zach,2014,PF,32,MEM,79,79,34.2,7.1,15.2,0.467,0,0.3,0.1,7.1,14.9,0.474,0.468,3.2,4.3,0.742,3.4,6.7,10.1,2.5,0.7,0.3,2.3,2.7,17.4
redicjj01,Redick,J.J.,2014,SG,29,LAC,35,34,28.2,5.2,11.4,0.455,2.1,5.3,0.395,3.1,6.1,0.507,0.546,2.8,3,0.915,0.3,1.9,2.1,2.2,0.8,0.1,1.2,1.9,15.2
ricegl02,Rice,Glen,2014,SG,23,WAS,11,1,9.9,1,3.4,0.297,0.5,1.5,0.294,0.5,1.8,0.3,0.365,0.5,0.6,0.714,0.4,1.5,1.8,0.6,0.5,0.1,0.8,0.6,2.9
ridnolu01,Ridnour,Luke,2014,PG,32,TOT,61,14,18.7,2.1,5.4,0.385,0.6,1.8,0.343,1.5,3.6,0.406,0.442,0.3,0.4,0.654,0.4,1.2,1.6,2.9,0.5,0.1,1.1,1.5,5
ridnolu01,Ridnour,Luke,2014,PG,32,MIL,36,12,21.2,2.3,6.1,0.384,0.7,1.9,0.368,1.6,4.2,0.391,0.441,0.4,0.5,0.684,0.4,1.3,1.7,3.4,0.6,0.1,1.3,1.5,5.7
ridnolu01,Ridnour,Luke,2014,PG,32,CHA,25,2,15.1,1.7,4.3,0.389,0.5,1.6,0.3,1.2,2.7,0.441,0.444,0.2,0.3,0.571,0.3,1.1,1.4,2.2,0.4,0.2,0.8,1.5,4
riverau01,Rivers,Austin,2014,PG,21,NOP,69,4,19.4,2.8,6.9,0.405,0.5,1.4,0.364,2.3,5.4,0.416,0.443,1.6,2.5,0.636,0.4,1.5,1.9,2.3,0.7,0.1,1.1,1.9,7.7
roberan03,Roberson,Andre,2014,SG,22,OKC,40,16,10,0.8,1.7,0.485,0.1,0.3,0.154,0.8,1.4,0.564,0.5,0.2,0.3,0.7,0.9,1.5,2.4,0.4,0.5,0.3,0.5,1.9,1.9
roberbr01,Roberts,Brian,2014,PG,28,NOP,72,42,23.2,3.4,8.1,0.42,0.9,2.5,0.36,2.5,5.6,0.447,0.475,1.7,1.8,0.94,0.2,1.7,1.9,3.3,0.6,0.1,1.3,1.8,9.4
robinna01,Robinson,Nate,2014,PG,29,DEN,44,1,19.7,3.7,8.7,0.428,1.3,3.5,0.377,2.4,5.2,0.463,0.504,1.6,1.9,0.835,0.5,1.4,1.8,2.5,0.8,0.1,1.3,2.1,10.4
robinth01,Robinson,Thomas,2014,PF,22,POR,70,0,12.5,2,4.2,0.481,0,0,0,2,4.2,0.483,0.481,0.8,1.4,0.564,1.5,2.9,4.4,0.5,0.3,0.3,0.8,1.9,4.8
rondora01,Rondo,Rajon,2014,PG,27,BOS,30,30,33.3,4.7,11.7,0.403,0.9,3,0.289,3.8,8.7,0.442,0.44,1.4,2.2,0.627,0.7,4.7,5.5,9.8,1.3,0.1,3.3,2.2,11.7
rosede01,Rose,Derrick,2014,PG,25,CHI,10,10,31.1,5.8,16.4,0.354,1.6,4.7,0.34,4.2,11.7,0.359,0.402,2.7,3.2,0.844,0.9,2.3,3.2,4.3,0.5,0.1,3.4,1.5,15.9
rosste01,Ross,Terrence,2014,SG,22,TOR,81,62,26.7,3.9,9.3,0.423,2,5,0.395,1.9,4.2,0.458,0.531,1,1.2,0.837,0.5,2.6,3.1,1,0.8,0.3,1.1,2.3,10.9
rubiori01,Rubio,Ricky,2014,PG,23,MIN,82,82,32.2,3.1,8.2,0.381,0.5,1.6,0.331,2.6,6.5,0.393,0.413,2.8,3.5,0.802,0.7,3.4,4.2,8.6,2.3,0.1,2.7,2.7,9.5
rushbr01,Rush,Brandon,2014,SG,28,UTA,38,0,11,0.8,2.4,0.333,0.4,1.2,0.34,0.4,1.1,0.326,0.422,0.1,0.1,0.6,0.1,1,1.2,0.6,0.1,0.2,0.5,0.8,2.1
sacrero01,Sacre,Robert,2014,C,24,LAL,65,13,16.8,2.2,4.6,0.477,0,0,,2.2,4.6,0.477,0.477,1,1.4,0.681,1.3,2.6,3.9,0.8,0.4,0.7,0.7,2.1,5.4
salmojo01,Salmons,John,2014,SG-SF,34,TOT,78,8,22.1,1.9,5.3,0.363,0.8,2.1,0.387,1.1,3.2,0.348,0.439,0.5,0.7,0.769,0.3,1.8,2.1,1.9,0.6,0.2,0.7,1.6,5.2
salmojo01,Salmons,John,2014,SF,34,SAC,18,8,24.7,2.3,6.5,0.35,0.9,2.3,0.381,1.4,4.2,0.333,0.419,0.4,0.4,1,0.4,2.1,2.6,2.4,0.7,0.4,0.8,1.8,5.8
salmojo01,Salmons,John,2014,SG,34,TOR,60,0,21.4,1.8,4.9,0.368,0.8,2,0.388,1,2.9,0.354,0.448,0.6,0.8,0.733,0.2,1.8,2,1.7,0.6,0.2,0.7,1.5,5
sandela01,Sanders,Larry,2014,C,25,MIL,23,20,25.4,3.3,7,0.469,0,0,0,3.3,7,0.472,0.469,1.1,2.4,0.473,2.6,4.6,7.2,0.8,0.8,1.7,1.1,3.2,7.7
schrode01,Schröder,Dennis,2014,PG,20,ATL,49,0,13.1,1.5,3.8,0.383,0.2,0.9,0.238,1.3,3,0.425,0.41,0.6,0.9,0.674,0.1,1.1,1.2,1.9,0.3,0,1.2,1.1,3.7
scolalu01,Scola,Luis,2014,PF,33,IND,82,2,17.1,3.2,6.8,0.47,0,0.1,0.143,3.2,6.7,0.474,0.471,1.2,1.7,0.728,1,3.7,4.8,1,0.3,0.2,1.3,2,7.6
scottmi01,Scott,Mike,2014,PF,25,ATL,80,6,18.5,3.8,7.9,0.479,0.8,2.5,0.31,3,5.4,0.558,0.529,1.3,1.7,0.78,0.8,2.8,3.6,0.9,0.4,0.1,1,1.5,9.6
sefolth01,Sefolosha,Thabo,2014,SG,29,OKC,61,61,26,2.3,5.6,0.415,0.8,2.5,0.316,1.5,3.1,0.495,0.485,0.9,1.1,0.768,0.8,2.8,3.6,1.5,1.3,0.3,0.9,1.5,6.3
serapke01,Séraphin,Kevin,2014,C,24,WAS,53,1,10.9,2.1,4.2,0.505,0,0,,2.1,4.2,0.505,0.505,0.5,0.6,0.871,1,1.4,2.4,0.3,0.1,0.5,0.8,1.9,4.7
sessira01,Sessions,Ramon,2014,PG,27,TOT,83,19,26.7,4,9.3,0.429,0.4,1.5,0.282,3.6,7.8,0.457,0.452,3.9,4.9,0.807,0.5,2,2.4,4.1,0.6,0.1,1.8,1.1,12.3
sessira01,Sessions,Ramon,2014,PG,27,CHA,55,7,23.7,3.5,8.5,0.409,0.3,1.2,0.221,3.2,7.2,0.441,0.425,3.3,4.3,0.782,0.4,1.7,2.1,3.7,0.6,0.1,1.7,0.9,10.5
sessira01,Sessions,Ramon,2014,PG,27,MIL,28,12,32.5,5,10.9,0.461,0.7,2,0.357,4.3,8.9,0.484,0.493,5.1,6.1,0.841,0.6,2.5,3.1,4.8,0.6,0.1,2,1.4,15.8
shakumu01,Shakur,Mustafa,2014,PG,29,OKC,3,0,3.7,0,1,0,0,0.3,0,0,0.7,0,0,0.3,0.7,0.5,0,0,0,1.3,0,0,0.7,0.7,0.3
shengto01,Shengelia,Tornike,2014,SF,22,TOT,26,0,5.9,0.5,1.1,0.464,0,0.2,0,0.5,0.8,0.591,0.464,0.1,0.3,0.375,0.2,0.5,0.6,0.5,0.1,0,0.5,0.7,1.1
shengto01,Shengelia,Tornike,2014,SF,22,BRK,17,0,8.1,0.6,1.4,0.458,0,0.4,0,0.6,1.1,0.611,0.458,0.2,0.5,0.375,0.2,0.6,0.8,0.7,0.1,0.1,0.6,0.9,1.5
shengto01,Shengelia,Tornike,2014,SF,22,CHI,9,0,1.9,0.2,0.4,0.5,0,0,,0.2,0.4,0.5,0.5,0,0,,0,0.2,0.2,0.2,0.1,0,0.1,0.2,0.4
shumpim01,Shumpert,Iman,2014,SG,23,NYK,74,58,26.5,2.5,6.5,0.378,1,3.1,0.333,1.4,3.5,0.418,0.457,0.7,1,0.746,1.1,3.1,4.2,1.7,1.2,0.2,1.1,2.8,6.7
shvedal01,Shved,Alexey,2014,SG,25,MIN,63,0,10.5,1.2,3.8,0.321,0.5,1.6,0.294,0.7,2.1,0.341,0.384,1.1,1.4,0.756,0.3,1,1.3,1.1,0.4,0.3,0.8,0.6,4
simshe01,Sims,Henry,2014,C,23,TOT,46,25,19,2.8,6,0.474,0,0,0,2.8,5.9,0.476,0.474,2,2.6,0.744,2.3,2.9,5.2,1.1,0.6,0.4,0.9,2.5,7.6
simshe01,Sims,Henry,2014,C,23,CLE,20,0,8.4,0.9,2.3,0.4,0,0,,0.9,2.3,0.4,0.4,0.4,0.7,0.571,1.1,1.7,2.8,0.3,0.3,0.4,0.4,1.6,2.2
simshe01,Sims,Henry,2014,C,23,PHI,26,25,27.2,4.3,8.8,0.489,0,0,0,4.3,8.8,0.491,0.489,3.2,4.1,0.766,3.2,3.8,7,1.8,0.9,0.5,1.3,3.2,11.8
singlky01,Singler,Kyle,2014,SF,25,DET,82,36,28.5,3.3,7.3,0.447,1.1,3,0.382,2.1,4.3,0.492,0.525,1.9,2.2,0.826,1.4,2.3,3.7,0.9,0.7,0.5,1,2.6,9.6
singlch01,Singleton,Chris,2014,SF,24,WAS,25,0,10,1,2.7,0.373,0.3,0.8,0.368,0.7,1.9,0.375,0.425,0.7,1,0.72,0.7,1.5,2.2,0.2,0.4,0.1,0.7,1,3
sivape01,Siva,Peyton,2014,SG,23,DET,24,0,9.3,0.8,2.4,0.316,0.3,1,0.28,0.5,1.3,0.344,0.377,0.5,0.6,0.733,0.1,0.5,0.6,1.4,0.4,0,0.8,1.1,2.3
sloando01,Sloan,Donald,2014,SG,26,IND,48,1,8.2,0.9,2.4,0.376,0.2,0.9,0.238,0.7,1.6,0.453,0.419,0.3,0.4,0.6,0.1,0.8,0.9,1,0.2,0,0.5,0.4,2.3
smithch05,Smith,Chris,2014,PG,26,NYK,2,0,1,0,0,,0,0,,0,0,,,0,0,,0,0,0,0,0,0,0,0,0
smithgr02,Smith,Greg,2014,C,23,HOU,11,0,9.1,1.6,2.5,0.643,0,0,,1.6,2.5,0.643,0.643,0.2,0.5,0.4,1,1.5,2.5,0,0.1,0.2,0.5,1.5,3.5
smithis01,Smith,Ish,2014,PG,25,PHO,70,1,14.4,1.7,4,0.423,0,0.3,0.043,1.7,3.7,0.457,0.425,0.3,0.6,0.564,0.4,1.4,1.8,2.6,0.7,0.2,0.9,0.9,3.7
smithjr01,Smith,J.R.,2014,SF,28,NYK,74,37,32.7,5.4,12.9,0.415,2.6,6.5,0.394,2.8,6.4,0.436,0.514,1.2,1.9,0.652,0.5,3.5,4,3,0.9,0.3,1.5,2.6,14.5
smithja02,Smith,Jason,2014,PF,27,NOP,31,27,26.8,4.2,9.1,0.465,0,0,,4.2,9.1,0.465,0.465,1.3,1.6,0.78,1.6,4.2,5.8,0.9,0.4,0.9,0.9,3.2,9.7
smithjo03,Smith,Josh,2014,SF,28,DET,77,76,35.5,6.7,16,0.419,0.9,3.4,0.264,5.8,12.6,0.462,0.448,2.1,3.9,0.532,1.3,5.4,6.8,3.3,1.4,1.4,2.6,2.6,16.4
snellto01,Snell,Tony,2014,SG,22,CHI,77,12,16,1.7,4.4,0.384,0.7,2.3,0.32,0.9,2.1,0.456,0.469,0.4,0.5,0.756,0.2,1.4,1.6,0.9,0.4,0.2,0.6,1.1,4.5
southja01,Southerland,James,2014,SF,23,TOT,4,0,7.5,1.3,3.8,0.333,0.8,1.5,0.5,0.5,2.3,0.222,0.433,0.3,0.5,0.5,0,2,2,0,0.3,0.5,0.3,0.8,3.5
southja01,Southerland,James,2014,SF,23,CHA,1,0,3,0,3,0,0,1,0,0,2,0,0,0,0,,0,0,0,0,0,0,0,0,0
southja01,Southerland,James,2014,SF,23,NOP,3,0,9,1.7,4,0.417,1,1.7,0.6,0.7,2.3,0.286,0.542,0.3,0.7,0.5,0,2.7,2.7,0,0.3,0.7,0.3,1,4.7
speigma01,Speights,Marreese,2014,C,26,GSW,79,3,12.4,2.5,5.6,0.441,0.1,0.4,0.258,2.4,5.2,0.455,0.45,1.4,1.7,0.821,1.3,2.4,3.7,0.4,0.1,0.4,0.8,1.9,6.4
splitti01,Splitter,Tiago,2014,C,29,SAS,59,50,21.5,3.1,5.9,0.523,0,0.1,0,3.1,5.8,0.528,0.523,2.1,2.9,0.699,2.1,4.1,6.2,1.5,0.5,0.5,1.3,2,8.2
stephdj01,Stephens,D.J.,2014,SG,23,MIL,3,0,5,1,2.3,0.429,0,0,,1,2.3,0.429,0.429,0.3,0.3,1,0.3,1.3,1.7,0,0,0,0,0,2.3
stephla01,Stephenson,Lance,2014,SG,23,IND,78,78,35.3,5.5,11.2,0.491,1.1,3.1,0.352,4.4,8,0.545,0.54,1.8,2.5,0.711,1.2,5.9,7.2,4.6,0.7,0.1,2.7,2.5,13.8
stiemgr01,Stiemsma,Greg,2014,C,28,NOP,55,20,18.3,1.3,2.2,0.574,0,0,0,1.3,2.2,0.579,0.574,0.3,0.6,0.594,1.3,2.8,4.1,0.7,0.6,1,0.8,3.1,2.9
stoneju01,Stone,Julyan,2014,SG,25,TOR,21,0,5.7,0.3,0.8,0.412,0.1,0.4,0.25,0.2,0.4,0.556,0.471,0.1,0.1,0.667,0.1,0.9,1,0.6,0.1,0,0.2,0.6,0.9
stoudam01,Stoudemire,Amar'e,2014,C,31,NYK,65,21,22.6,4.8,8.6,0.557,0,0,,4.8,8.6,0.557,0.557,2.3,3.1,0.739,1.7,3.2,4.9,0.5,0.4,0.6,1.4,2.4,11.9
stuckro01,Stuckey,Rodney,2014,SG,27,DET,73,5,26.7,5.1,11.7,0.436,0.3,1.2,0.273,4.8,10.5,0.455,0.45,3.3,4,0.836,0.5,1.8,2.3,2.1,0.7,0.1,1.7,1.8,13.9
sullija01,Sullinger,Jared,2014,PF,21,BOS,74,44,27.6,5.2,12.1,0.427,0.8,2.8,0.269,4.4,9.3,0.475,0.458,2.1,2.7,0.778,3.3,4.9,8.1,1.6,0.5,0.7,1.6,3.4,13.3
tayloje03,Taylor,Jeffery,2014,SF,24,CHA,26,8,24.2,3.2,8.4,0.376,0.7,2.6,0.269,2.5,5.8,0.424,0.417,1,1.8,0.553,0.6,1.7,2.3,0.8,0.5,0.2,1,2.4,8
tayloty01,Taylor,Tyshawn,2014,PG,23,BRK,23,3,11.7,1.3,4,0.341,0.1,0.5,0.25,1.2,3.4,0.354,0.357,1,1.3,0.8,0.1,0.5,0.7,1.6,0.5,0,1.3,1.3,3.9
teaguje01,Teague,Jeff,2014,PG,25,ATL,79,79,32.2,5.8,13.2,0.438,0.9,2.8,0.329,4.8,10.3,0.469,0.474,4,4.8,0.846,0.4,2.2,2.6,6.7,1.1,0.2,2.9,2,16.5
teaguma01,Teague,Marquis,2014,SG,20,TOT,40,3,11.1,1,3,0.319,0.1,0.5,0.278,0.8,2.5,0.327,0.34,0.7,0.9,0.743,0,1,1,1.5,0.3,0.1,1,1.2,2.7
teaguma01,Teague,Marquis,2014,SG,20,CHI,19,2,12.7,0.8,3.5,0.242,0.1,0.5,0.2,0.7,2.9,0.25,0.258,0.6,0.8,0.688,0.1,0.9,1,1.5,0.1,0.2,0.9,1.3,2.4
teaguma01,Teague,Marquis,2014,SG,20,BRK,21,1,9.6,1,2.5,0.415,0.1,0.4,0.375,0.9,2.1,0.422,0.443,0.7,0.9,0.789,0,1,1,1.4,0.4,0,1,1,3
teletmi01,Teletović,Mirza,2014,SF,28,BRK,72,7,19.4,3.1,7.3,0.418,1.9,4.8,0.39,1.2,2.5,0.472,0.546,0.6,0.9,0.71,0.8,2.9,3.7,0.8,0.4,0.3,0.8,2,8.6
templga01,Temple,Garrett,2014,SG,27,WAS,75,0,8.5,0.7,1.9,0.362,0.1,0.4,0.207,0.6,1.5,0.402,0.383,0.4,0.6,0.698,0.3,0.6,0.9,1,0.5,0.1,0.6,1,1.8
terryja01,Terry,Jason,2014,PG,36,BRK,35,0,16.3,1.6,4.3,0.362,1.1,2.9,0.379,0.5,1.4,0.327,0.49,0.3,0.4,0.667,0.1,0.9,1.1,1.6,0.4,0,0.8,1.4,4.5
thabeha01,Thabeet,Hasheem,2014,C,26,OKC,23,0,8.3,0.6,1,0.565,0,0,,0.6,1,0.565,0.565,0,0.2,0.2,0.4,1.3,1.7,0,0.2,0.4,0.6,2,1.2
thomaad01,Thomas,Adonis,2014,SF,20,TOT,6,1,6.2,1,2.3,0.429,0.2,0.8,0.2,0.8,1.5,0.556,0.464,0.2,0.2,1,0,0.5,0.5,0.5,0,0,0.2,1,2.3
thomaad01,Thomas,Adonis,2014,SF,20,ORL,4,0,6,0.8,2.3,0.333,0,0.8,0,0.8,1.5,0.5,0.333,0.3,0.3,1,0,0.8,0.8,0.5,0,0,0,0.5,1.8
thomaad01,Thomas,Adonis,2014,SF,20,PHI,2,1,6.5,1.5,2.5,0.6,0.5,1,0.5,1,1.5,0.667,0.7,0,0,,0,0,0,0.5,0,0,0.5,2,3.5
thomais02,Thomas,Isaiah,2014,PG,24,SAC,72,54,34.7,6.9,15.2,0.453,1.8,5.1,0.349,5.1,10.2,0.504,0.51,4.8,5.7,0.85,0.7,2.3,2.9,6.3,1.3,0.1,3,2.6,20.3
thomala01,Thomas,Lance,2014,SF,25,NOP,5,0,8.4,0.4,1.8,0.222,0,0,,0.4,1.8,0.222,0.222,0.4,0.8,0.5,0.4,1,1.4,0.6,0,0,0.4,0.8,1.2
thomama01,Thomas,Malcolm,2014,PF,25,TOT,8,0,7.9,0.9,2,0.438,0.1,0.5,0.25,0.8,1.5,0.5,0.469,0,0.3,0,0.6,2,2.6,0.3,0,0.4,1.1,0.6,1.9
thomama01,Thomas,Malcolm,2014,PF,25,SAS,1,0,15,1,4,0.25,0,0,,1,4,0.25,0.25,0,2,0,1,8,9,0,0,2,1,0,2
thomama01,Thomas,Malcolm,2014,PF,25,UTA,7,0,6.9,0.9,1.7,0.5,0.1,0.6,0.25,0.7,1.1,0.625,0.542,0,0,,0.6,1.1,1.7,0.3,0,0.1,1.1,0.7,1.9
thompho01,Thompson,Hollis,2014,SF,22,PHI,77,41,22.6,2.2,4.8,0.46,0.9,2.2,0.401,1.4,2.7,0.507,0.55,0.7,0.9,0.712,0.9,2.3,3.2,0.9,0.7,0.2,0.8,1.9,6
thompja02,Thompson,Jason,2014,PF,27,SAC,82,61,24.5,3.1,6,0.506,0,0,,3.1,6,0.506,0.506,1,1.8,0.579,1.9,4.6,6.4,0.6,0.4,0.7,1.2,3.1,7.1
thompkl01,Thompson,Klay,2014,SG,23,GSW,81,81,35.4,6.9,15.5,0.444,2.8,6.6,0.417,4.1,8.9,0.464,0.533,1.8,2.3,0.795,0.5,2.6,3.1,2.2,0.9,0.5,1.7,2.9,18.4
thomptr01,Thompson,Tristan,2014,PF,22,CLE,82,82,31.6,4.4,9.3,0.477,0,0,0,4.4,9.3,0.478,0.477,2.9,4.1,0.693,3.3,5.9,9.2,0.9,0.5,0.4,1.3,2.3,11.7
thornma01,Thornton,Marcus,2014,SG,26,TOT,72,27,24.2,3.5,8.9,0.394,1.5,4.4,0.345,2,4.5,0.443,0.48,1.3,1.6,0.804,0.8,2,2.8,1.1,0.8,0.2,0.9,1.5,9.8
thornma01,Thornton,Marcus,2014,SG,26,SAC,46,26,24.4,3.1,8.1,0.381,1.2,3.9,0.318,1.8,4.2,0.438,0.457,0.9,1.1,0.808,0.8,1.8,2.7,1,0.7,0.2,0.8,1.6,8.3
thornma01,Thornton,Marcus,2014,SG,26,BRK,26,1,23.8,4.2,10.2,0.414,2,5.3,0.38,2.2,5,0.45,0.511,1.8,2.3,0.8,0.7,2.2,2.8,1.2,1,0.1,1.1,1.4,12.3
tinslja01,Tinsley,Jamaal,2014,PG,35,UTA,8,5,13.8,0.5,2.5,0.2,0.1,1.9,0.067,0.4,0.6,0.6,0.225,0,0,,0.3,1.1,1.4,2.9,0.3,0,1.1,1.3,1.1
tollian01,Tolliver,Anthony,2014,PF,28,CHA,64,9,20.3,2,4.8,0.42,1.6,3.9,0.413,0.4,0.9,0.45,0.586,0.5,0.6,0.805,0.5,2.1,2.6,0.7,0.3,0.2,0.4,1.3,6.1
tuckepj01,Tucker,P.J.,2014,SF,28,PHO,81,81,30.7,3.3,7.6,0.431,0.9,2.4,0.387,2.4,5.2,0.45,0.491,1.9,2.5,0.776,2,4.5,6.5,1.7,1.4,0.3,1.3,2.5,9.4
turiaro01,Turiaf,Ronny,2014,C,31,MIN,31,10,19.5,2.1,3.5,0.598,0,0,,2.1,3.5,0.598,0.598,0.7,1.6,0.42,1.8,3.8,5.6,0.8,0.3,1.6,0.8,2.1,4.8
turkohe01,Türkoğlu,Hedo,2014,SF,34,LAC,38,0,10.3,1.1,2.9,0.385,0.6,1.3,0.44,0.5,1.6,0.339,0.486,0.2,0.5,0.5,0.3,2.1,2.3,0.9,0.5,0.3,0.4,1.3,3
turneev01,Turner,Evan,2014,SF,25,TOT,81,56,30.3,5.4,12.6,0.425,0.6,1.9,0.321,4.7,10.7,0.444,0.45,2.6,3.2,0.813,0.8,4.3,5,3.2,0.8,0.1,2.3,2.4,14
turneev01,Turner,Evan,2014,SF,25,PHI,54,54,34.9,6.6,15.4,0.428,0.7,2.4,0.288,5.9,12.9,0.455,0.451,3.5,4.2,0.829,0.9,5,6,3.7,1,0.1,2.9,2.7,17.4
turneev01,Turner,Evan,2014,SF,25,IND,27,2,21.1,2.9,7,0.411,0.4,0.9,0.5,2.4,6.1,0.398,0.442,0.9,1.3,0.706,0.4,2.7,3.2,2.4,0.4,0.1,1.3,1.8,7.1
tylerje01,Tyler,Jeremy,2014,C,22,NYK,41,0,9.7,1.5,2.8,0.517,0,0,,1.5,2.8,0.517,0.517,0.6,1.2,0.542,0.9,1.7,2.7,0.2,0.1,0.5,0.6,1.7,3.6
udohek01,Udoh,Ekpe,2014,PF,26,MIL,42,14,19.1,1.4,3.4,0.399,0,0,,1.4,3.4,0.399,0.399,0.7,1.1,0.638,1.5,2.1,3.5,0.7,0.4,1,0.9,2.3,3.4
udrihbe01,Udrih,Beno,2014,SG,31,TOT,41,12,15.7,1.9,4.3,0.438,0.5,1,0.452,1.4,3.3,0.434,0.492,0.6,0.7,0.833,0.2,1.2,1.4,2.8,0.6,0.1,1.1,1.2,4.9
udrihbe01,Udrih,Beno,2014,SG,31,NYK,31,12,19,2.2,5.2,0.425,0.5,1.3,0.425,1.6,3.9,0.425,0.478,0.6,0.8,0.833,0.3,1.5,1.8,3.5,0.7,0.1,1.4,1.5,5.6
udrihbe01,Udrih,Beno,2014,SG,31,MEM,10,0,5.5,1,1.8,0.556,0.2,0.2,1,0.8,1.6,0.5,0.611,0.5,0.6,0.833,0,0.2,0.2,0.6,0.1,0.1,0.5,0.4,2.7
valanjo01,Valančiūnas,Jonas,2014,C,21,TOR,81,81,28.2,4.4,8.3,0.531,0,0,0,4.4,8.3,0.532,0.531,2.4,3.2,0.762,2.8,6,8.8,0.7,0.3,0.9,1.7,3.1,11.3
varejan01,Varejão,Anderson,2014,C,31,CLE,65,29,27.7,3.5,7.1,0.495,0,0.1,0,3.5,7,0.502,0.495,1.4,2.1,0.681,2.9,6.8,9.7,2.2,1.1,0.6,1.1,2.5,8.4
varnaja01,Varnado,Jarvis,2014,PF,25,TOT,24,0,14.1,1.5,2.5,0.6,0,0,,1.5,2.5,0.6,0.6,1.1,2.2,0.519,0.8,1.8,2.6,0.5,0.4,1.2,0.4,2.6,4.1
varnaja01,Varnado,Jarvis,2014,PF,25,CHI,1,0,2,0,0,,0,0,,0,0,,,0,0,,0,0,0,0,0,0,0,1,0
varnaja01,Varnado,Jarvis,2014,PF,25,PHI,23,0,14.7,1.6,2.6,0.6,0,0,,1.6,2.6,0.6,0.6,1.2,2.3,0.519,0.8,1.9,2.7,0.6,0.4,1.3,0.4,2.7,4.3
vasqugr01,Vásquez,Greivis,2014,SG-PG,27,TOT,79,23,22.5,3.5,8.3,0.421,1.4,3.7,0.377,2.1,4.7,0.455,0.504,1.2,1.4,0.88,0.3,1.9,2.2,4.1,0.4,0.1,1.6,1.8,9.6
vasqugr01,Vásquez,Greivis,2014,PG,27,SAC,18,18,25.8,3.6,8.3,0.433,0.9,2.8,0.32,2.7,5.6,0.49,0.487,1.7,1.8,0.938,0.3,1.6,1.9,5.3,0.3,0.1,1.5,2.1,9.8
vasqugr01,Vásquez,Greivis,2014,SG,27,TOR,61,5,21.5,3.5,8.3,0.417,1.5,3.9,0.389,2,4.4,0.442,0.509,1.1,1.2,0.855,0.2,2,2.3,3.7,0.4,0.1,1.7,1.7,9.5
veselja01,Veselý,Jan,2014,PF,23,TOT,54,1,14.4,1.6,3.2,0.514,0,0,,1.6,3.2,0.514,0.514,0.4,1,0.339,1.5,2,3.5,0.4,1,0.6,0.7,2.2,3.6
veselja01,Veselý,Jan,2014,PF,23,WAS,33,1,14.2,1.5,2.8,0.522,0,0,,1.5,2.8,0.522,0.522,0.2,0.9,0.267,1.6,1.8,3.4,0.3,0.8,0.6,0.7,1.9,3.2
veselja01,Veselý,Jan,2014,PF,23,DEN,21,0,14.6,2,3.9,0.506,0,0,,2,3.9,0.506,0.506,0.5,1.2,0.423,1.3,2.4,3.7,0.5,1.3,0.8,0.7,2.7,4.4
villach01,Villanueva,Charlie,2014,PF,29,DET,20,0,9,1.8,4.6,0.38,0.7,2.8,0.25,1.1,1.8,0.583,0.457,0.4,0.7,0.571,0.3,1.4,1.7,0.3,0.2,0.3,0.4,0.8,4.6
vucevni01,Vučević,Nikola,2014,C,23,ORL,57,57,31.8,6.2,12.2,0.507,0,0,,6.2,12.2,0.507,0.507,1.8,2.4,0.766,3.2,7.7,11,1.8,1.1,0.8,2,3,14.2
vujacsa01,Vujačić,Sasha,2014,SG,29,LAC,2,0,5,1,2.5,0.4,0.5,1,0.5,0.5,1.5,0.333,0.5,0,0,,0,1.5,1.5,0,0.5,0,1.5,0.5,2.5
wadedw01,Wade,Dwyane,2014,SG,32,MIA,54,53,32.9,7.7,14.1,0.545,0.2,0.6,0.281,7.5,13.5,0.557,0.551,3.5,4.8,0.733,1.1,3.4,4.5,4.7,1.5,0.5,3,2,19
waitedi01,Waiters,Dion,2014,SG,22,CLE,70,24,29.6,6.1,14.2,0.433,1.3,3.6,0.368,4.8,10.6,0.455,0.479,2.3,3.4,0.685,0.5,2.3,2.8,3,0.9,0.2,2.2,2.2,15.9
walkeke02,Walker,Kemba,2014,PG,23,CHA,73,73,35.8,6.2,15.7,0.393,1.5,4.5,0.333,4.7,11.2,0.417,0.441,3.9,4.6,0.837,0.5,3.7,4.2,6.1,1.2,0.4,2.3,1.8,17.7
walljo01,Wall,John,2014,PG,23,WAS,82,82,36.3,7.1,16.3,0.433,1.3,3.8,0.351,5.7,12.5,0.458,0.473,3.9,4.8,0.805,0.5,3.6,4.1,8.8,1.8,0.5,3.6,2.7,19.3
wallage01,Wallace,Gerald,2014,SF,31,BOS,58,16,24.4,2,4,0.504,0.3,1.1,0.297,1.7,2.9,0.584,0.546,0.8,1.7,0.465,0.6,3,3.7,2.5,1.3,0.2,1.7,1.4,5.1
wareca01,Ware,Casper,2014,PG,24,PHI,9,0,12.9,2,4.7,0.429,0.8,2.3,0.333,1.2,2.3,0.524,0.512,0.6,0.7,0.833,0,1,1,1.1,0.9,0,0.6,1.2,5.3
watsocj01,Watson,C.J.,2014,PG,29,IND,63,5,18.9,2.3,5.3,0.437,0.8,2.3,0.366,1.5,3,0.492,0.516,1.1,1.4,0.784,0.3,1.3,1.6,1.7,1,0.1,1,1,6.6
watsoea01,Watson,Earl,2014,PG,34,POR,24,0,6.7,0.1,0.5,0.273,0.1,0.3,0.286,0,0.2,0.25,0.364,0.2,0.2,1,0.2,0.4,0.6,1.2,0.2,0,0.7,1.4,0.5
waynsma01,Wayns,Maalik,2014,PG,22,LAC,2,0,4.5,0.5,1,0.5,0,0,,0.5,1,0.5,0.5,0,0,,0,1,1,1,1,0,0,2,1
webstma02,Webster,Martell,2014,SF,27,WAS,78,13,27.7,3.3,7.5,0.433,1.9,4.8,0.392,1.4,2.8,0.502,0.557,1.3,1.6,0.84,0.5,2.4,2.8,1.2,0.5,0.2,0.7,1.9,9.7
westda01,West,David,2014,PF,33,IND,80,80,30.9,5.7,11.7,0.488,0.1,0.2,0.267,5.7,11.6,0.491,0.49,2.5,3.1,0.789,1.5,5.3,6.8,2.8,0.8,0.9,1.7,2.3,14
westbru01,Westbrook,Russell,2014,PG,25,OKC,46,46,30.7,7.5,17.2,0.437,1.5,4.7,0.318,6,12.5,0.482,0.48,5.3,6.4,0.826,1.2,4.5,5.7,6.9,1.9,0.2,3.8,2.3,21.8
whitedj01,White,D.J.,2014,PF,27,CHA,2,0,5,0,0.5,0,0,0,,0,0.5,0,0,0,0,,0,1,1,0,0.5,0,0,0.5,0
whitero03,White,Royce,2014,PF,22,SAC,3,0,3,0,0.3,0,0,0,,0,0.3,0,0,0,0,,0,0,0,0,0,0,0,0.7,0
willide01,Williams,Deron,2014,PG,29,BRK,64,58,32.2,5,11.2,0.45,1.5,4.2,0.366,3.5,7,0.5,0.518,2.7,3.4,0.801,0.2,2.4,2.6,6.1,1.5,0.2,2.2,2.3,14.3
willide02,Williams,Derrick,2014,SF-PF,22,TOT,78,15,23.3,2.6,6.2,0.427,0.3,1.3,0.263,2.3,4.9,0.47,0.454,2.4,3.3,0.718,0.9,3.2,4.1,0.7,0.6,0.3,1,1.5,8
willide02,Williams,Derrick,2014,PF,22,MIN,11,0,14.7,1.7,4.9,0.352,0.2,1.4,0.133,1.5,3.5,0.436,0.37,1.3,1.5,0.875,0.3,2.1,2.4,0.1,0.4,0.4,0.5,0.8,4.9
willide02,Williams,Derrick,2014,SF,22,SAC,67,15,24.7,2.8,6.4,0.437,0.4,1.3,0.286,2.4,5.1,0.474,0.465,2.6,3.6,0.708,1,3.4,4.4,0.8,0.7,0.2,1,1.6,8.5
williel01,Williams,Elliot,2014,SG,24,PHI,67,2,17.3,2.1,5,0.415,0.6,1.9,0.296,1.5,3.2,0.486,0.47,1.3,1.8,0.731,0.4,1.5,1.9,1.1,0.5,0,1,1.9,6
willilo02,Williams,Lou,2014,PG,27,ATL,60,7,24.1,3.3,8.2,0.4,1.3,3.9,0.342,2,4.4,0.45,0.48,2.5,3,0.849,0.2,1.9,2.1,3.5,0.8,0.1,1.5,1.1,10.4
willima02,Williams,Marvin,2014,PF,27,UTA,66,50,25.4,3.5,8,0.439,1.3,3.5,0.359,2.2,4.4,0.503,0.519,0.9,1.1,0.781,1.2,3.8,5.1,1.2,0.8,0.5,0.8,2.3,9.1
willima01,Williams,Mo,2014,PG,31,POR,74,0,24.8,3.8,9.1,0.417,1.1,3,0.369,2.7,6,0.441,0.478,1.1,1.2,0.876,0.6,1.5,2.1,4.3,0.7,0.1,2,2.7,9.7
willire02,Williams,Reggie,2014,SF,27,OKC,3,0,5.7,1.7,3,0.556,0.3,1,0.333,1.3,2,0.667,0.611,0,0,,0,0,0,0.3,0.3,0,0.7,0.3,3.7
willish03,Williams,Shawne,2014,PF,27,LAL,36,13,20.9,2,5.3,0.38,1.2,3.6,0.326,0.9,1.8,0.492,0.49,0.4,0.6,0.7,0.7,3.9,4.6,0.8,0.5,0.8,0.6,2.6,5.6
witheje01,Withey,Jeff,2014,C,23,NOP,58,4,11.8,1.2,2.2,0.535,0,0,0,1.2,2.2,0.539,0.535,0.9,1.3,0.712,0.8,1.7,2.6,0.4,0.3,0.9,0.3,1.3,3.3
woltena01,Wolters,Nate,2014,PG,22,MIL,58,31,22.6,2.9,6.7,0.437,0.3,1.1,0.29,2.6,5.6,0.465,0.46,1,1.6,0.656,0.6,2,2.6,3.2,0.6,0.3,1,1.2,7.2
artesro01,World Peace,Metta,2014,SF,34,NYK,29,1,13.4,1.9,4.9,0.397,0.6,1.9,0.315,1.3,3,0.448,0.457,0.3,0.6,0.625,0.6,1.4,2,0.6,0.8,0.3,0.7,1.5,4.8
wrighbr03,Wright,Brandan,2014,C,26,DAL,58,0,18.6,3.9,5.7,0.677,0,0,,3.9,5.7,0.677,0.677,1.3,1.8,0.726,1.8,2.4,4.2,0.5,0.6,0.9,0.6,1.6,9.1
wrighch01,Wright,Chris,2014,SF,25,MIL,8,0,15.8,2.6,4.4,0.6,0,0.1,0,2.6,4.3,0.618,0.6,0.8,1.9,0.4,1.3,1.3,2.5,0.6,0.9,0.6,0.6,2.1,6
wrighdo01,Wright,Dorell,2014,SF,28,POR,68,13,14.5,1.6,4.4,0.374,1,3,0.342,0.6,1.4,0.442,0.49,0.8,1,0.754,0.4,2.4,2.8,0.9,0.3,0.2,0.6,0.9,5
wroteto01,Wroten,Tony,2014,PG,20,PHI,72,16,24.5,4.8,11.2,0.427,0.6,2.6,0.213,4.2,8.6,0.492,0.452,2.9,4.5,0.641,1,2.2,3.2,3,1.1,0.2,2.8,2.1,13
youngni01,Young,Nick,2014,SG,28,LAL,64,9,28.3,6,13.9,0.435,2.1,5.5,0.386,3.9,8.4,0.468,0.511,3.7,4.5,0.825,0.5,2.1,2.6,1.5,0.7,0.2,1.5,2.4,17.9
youngth01,Young,Thaddeus,2014,PF,25,PHI,79,78,34.4,7.4,16.2,0.454,1.1,3.7,0.308,6.2,12.5,0.496,0.489,2.1,2.9,0.712,2.1,3.9,6,2.3,2.1,0.5,2.1,2.7,17.9
zelleco01,Zeller,Cody,2014,C,21,CHA,82,3,17.3,2.1,4.9,0.426,0,0,0,2.1,4.9,0.427,0.426,1.8,2.4,0.73,1.4,2.9,4.3,1.1,0.5,0.5,1.1,2.1,6
zellety01,Zeller,Tyler,2014,C,24,CLE,70,9,15,2.2,4.1,0.538,0,0,0,2.2,4.1,0.54,0.538,1.2,1.7,0.719,1.5,2.6,4,0.5,0.3,0.5,0.9,2,5.7
